X,Y,Z
3.35171509,1.09790612,0.06542969
3.35763932,1.09927559,0.02844238
3.21406937,1.03793526,0.09204101
3.22264672,1.039850241,0.03649902
3.08222771,0.97934151,0.08349609
3.08723259,0.98041726,0.04980469
2.95496178,0.92170143,0.04321289
3.4045887,1.16622734,0.05432129
3.26712418,1.10624123,0.07897949
3.27136231,1.10721016,0.05212402
3.13389588,1.047273641,0.07824707
3.13874817,1.04834175,0.04626465
3.00042916,0.98835755,0.08215332
3.00559998,0.98945237,0.04663086
2.86797524,0.9296856,0.07983398
2.87342835,0.93078614,0.04101562
2.73135567,0.87024498,0.10961914
2.73613167,0.87116242,0.07409668
2.60153962,0.81219483,0.09118652
2.60546685,0.81290436,0.06079101
2.46702576,0.75334549,0.11071777
2.47100449,0.75401497,0.07849121
2.33589554,0.695163731,0.10571289
2.33888817,0.69562912,0.08020019
2.20434571,0.636936191,0.1048584
2.2073803,0.63736344,0.07775879
2.07309342,0.578842171,0.1040039
2.07561112,0.57915497,0.08032226
1.94253922,0.52080346,0.09570312
1.94408417,0.52096939,0.08032226
1.81115914,0.46271515,0.09667969
1.81229401,0.46281433,0.08483887
1.68047524,0.40476036,0.0925293
1.68169022,0.40483857,0.07897949
1.54840279,0.34675026,0.1048584
1.54883004,0.34676743,0.09985351
1.41784859,0.28887368,0.10144043
1.41877175,0.28888512,0.08959961
1.28743935,0.23105431,0.09765625
1.28780938,0.23104477,0.0925293
1.15569878,0.17333031,0.11413574
1.15614892,0.173301701,0.10742187
1.02565003,0.11559868,0.10839844
1.02565003,0.11559868,0.10839844
0.89568139,0.05783844,0.10058594
0.89587212,0.05780793,0.09716797
0.76578713,4.00599E-05,0.09069824
0.7659607,0,0.08728027
3.44322205,1.22826958,0.04650879
3.30381012,1.16774941,0.08190918
3.30865097,1.16887284,0.05151367
3.17331505,1.10938836,0.06396484
3.17873955,1.11060334,0.02880859
3.03897095,1.05018807,0.07189941
3.04520798,1.05153275,0.02978515
2.90553475,0.99127579,0.07653808
2.91082001,0.9923687,0.03942871
2.77062989,0.9321518,0.09399414
2.77524186,0.9330597,0.06030273
2.63967514,0.87384987,0.08398437
2.64277268,0.8744278,0.0604248
2.50671578,0.81521798,0.0904541
2.51011086,0.81581116,0.06347656
2.37346459,0.75665284,0.10290527
2.37690545,0.75720978,0.07409668
2.2416153,0.69836235,0.1048584
2.24392701,0.698703771,0.0847168
2.11153985,0.640384681,0.09301758
2.11356163,0.64065361,0.07434082
1.97966958,0.58219529,0.0982666
1.98089791,0.582338341,0.08642578
1.84897233,0.524269111,0.09606933
1.85046769,0.52441216,0.08068848
1.71821404,0.46634484,0.09472656
1.71945954,0.4664383,0.08105469
1.58576584,0.40839577,0.11474609
1.58693696,0.40845681,0.10119629
1.45680809,0.3506279,0.09436035
1.4577694,0.35065079,0.08239746
1.32574463,0.29288864,0.10241699
1.32613564,0.292886741,0.09729004
1.19559861,0.23522377,0.10070801
1.195961,0.23520851,0.09545898
1.0651474,0.17761231,0.10461426
1.06546975,0.1775837,0.0994873
0.93482399,0.1200943,0.10949707
0.93482399,0.1200943,0.10949707
0.80495644,0.062599191,0.10913086
0.80504418,0.06258202,0.10754394
0.67614174,0.00472451,0.08374023
0.67614174,0.00472451,0.08374023
3.49808884,1.29706383,0.01940918
3.35182763,1.23480606,0.09448242
3.35838318,1.23635865,0.05407715
3.21747399,1.17552376,0.10095215
3.22327233,1.17685318,0.06396484
3.08848381,1.11751366,0.07434082
3.09459115,1.11886406,0.03393555
2.95483017,1.058467871,0.07861328
2.96217728,1.06002617,0.0279541
2.82115937,0.99950028,0.08532715
2.82540703,1.0003624,0.05493164
2.68906975,0.9408989,0.08215332
2.69358445,0.94176865,0.04846191
2.55493165,0.88202095,0.09777832
2.55796433,0.882572181,0.07409668
2.4226265,0.82352639,0.10058594
2.42616272,0.82412529,0.07177734
2.29261971,0.76548005,0.08642578
2.2950039,0.76585198,0.06604004
2.15844727,0.7068367,0.10949707
2.16071892,0.70715905,0.08911133
2.02745247,0.64873696,0.10681152
2.02924729,0.64896202,0.08984375
1.89629555,0.5906601,0.10693359
1.89832497,0.59087944,0.08666992
1.76591301,0.53269005,0.09997558
1.76782799,0.5328579,0.07971191
1.63400841,0.4746666,0.11157226
1.63476372,0.47471619,0.10314941
1.50363732,0.41674042,0.10583496
1.50532723,0.41680718,0.08557129
1.37255288,0.35884285,0.11035156
1.37347985,0.35885239,0.09838867
1.2419777,0.30106736,0.1118164
1.24246216,0.301054,0.10510254
1.11210442,0.24320221,0.10131836
1.11255074,0.2431736,0.09460449
0.98233414,0.18537712,0.09069824
0.98264313,0.185342791,0.08557129
0.85108757,0.127752311,0.10546875
0.85117913,0.12773705,0.10375976
0.72140503,0.06988144,0.09228515
0.72148514,0.06986237,0.09069824
3.40575791,1.302707681,0.02575683
3.26236535,1.2411747,0.08557129
3.26879311,1.24267769,0.04516601
3.13119317,1.18261528,0.07202148
3.13610077,1.18372345,0.04003906
2.998209,1.12368203,0.07141113
3.00344468,1.12481881,0.03601074
2.86312867,1.06435204,0.08691406
2.86719704,1.06520081,0.05822754
2.7305851,1.00559426,0.08569336
2.73588944,1.00664902,0.04675293
2.59703827,0.94672966,0.09460449
2.60078621,0.94743538,0.06591797
2.46593667,0.888397221,0.08691406
2.46911622,0.88895607,0.06140137
2.3325882,0.82969475,0.09802246
2.33440018,0.8299923,0.08288574
2.20031357,0.77126694,0.10314941
2.20302392,0.77167321,0.0793457
2.06828309,0.712883,0.10632324
2.07011795,0.71312905,0.08935547
1.93638611,0.65464211,0.11193848
1.93829537,0.65486527,0.09338379
1.80628968,0.59663201,0.10070801
1.80858613,0.59685707,0.0769043
1.67497063,0.53853798,0.10302734
1.67650986,0.53865624,0.08618164
1.54351426,0.48042488,0.10668945
1.54467583,0.48048592,0.09313965
1.41394997,0.42249871,0.09082031
1.41477395,0.42251969,0.0805664
1.28245354,0.36458397,0.10095215
1.2828312,0.36458207,0.09582519
1.15128327,0.30676842,0.10974121
1.15151787,0.30675698,0.10620117
1.02205468,0.24880219,0.08825683
1.02238465,0.24877358,0.08300781
0.89110184,0.19099236,0.09423828
0.89130021,0.19096375,0.09082031
0.76064873,0.13325692,0.09582519
0.76082802,0.13322068,0.09240723
0.62954522,0.07580185,0.11450195
0.62985611,0.075716021,0.10778808
3.44808197,1.36693383,0.0090332
3.30336762,1.30498124,0.07458496
3.31098748,1.30679322,0.02734375
3.16567612,1.24484253,0.10107422
3.17224884,1.24635697,0.05883789
3.03747941,1.18692971,0.06774902
3.04101372,1.18771553,0.04418945
2.8979435,1.12658501,0.11254883
2.90378762,1.12783242,0.07214355
2.76570511,1.06792832,0.11071777
2.77037812,1.06888008,0.07702637
2.63635254,1.00983811,0.08752441
2.63949395,1.01044464,0.06384277
2.50237847,0.9509182,0.10095215
2.50582314,0.95154572,0.07397461
2.36941338,0.89229012,0.10974121
2.3725071,0.89281464,0.08422851
2.23856926,0.83407212,0.10253906
2.24152184,0.8345356,0.07702637
2.10806275,0.775985721,0.09472656
2.10937691,0.77617264,0.08288574
1.97638894,0.71767617,0.09594726
1.97727967,0.7177887,0.08740234
1.84550477,0.65956498,0.09240723
1.84769059,0.65980149,0.0703125
1.71367455,0.60140038,0.09997558
1.71525002,0.60153771,0.08312988
1.58224488,0.54335022,0.10546875
1.5826912,0.54337883,0.10046387
1.45127869,0.48535347,0.10656738
1.45197869,0.48538018,0.09814453
1.32023049,0.4274807,0.11242676
1.32100869,0.42748833,0.10229492
1.19034386,0.3696003,0.10266113
1.19082261,0.36958886,0.09582519
1.06009484,0.31178666,0.09960937
1.06098557,0.31172943,0.0859375
0.92977906,0.25401307,0.09863281
0.93019104,0.25396729,0.09179687
0.79860497,0.19641114,0.11437988
0.79896927,0.19634819,0.10754394
0.66859246,0.13876534,0.11315918
0.66884041,0.13870621,0.1081543
3.33468819,1.36208344,0.04797363
3.3374405,1.36274529,0.03112793
3.19619561,1.30172921,0.07861328
3.20176888,1.303030021,0.04333496
3.05985642,1.24195671,0.09790039
3.06599808,1.243341451,0.05749512
2.9269867,1.18305207,0.09692383
2.93240357,1.18422699,0.05981445
2.79819489,1.12508583,0.06970215
2.80221749,1.12592125,0.04113769
2.66272545,1.06573677,0.09008789
2.66590691,1.0663662,0.06652832
2.52879715,1.00675774,0.10107422
2.53359414,1.00765419,0.06384277
2.39775467,0.94841767,0.09265137
2.39984894,0.94878579,0.07568359
2.26549721,0.88993454,0.0961914
2.26849366,0.89042092,0.07080078
2.13242722,0.83137703,0.10839844
2.13564873,0.83185387,0.07971191
2.00285721,0.77336121,0.08996582
2.00447655,0.77357293,0.0748291
1.8699646,0.71493531,0.10388183
1.87133217,0.71509171,0.09020996
1.74002839,0.65693665,0.09094238
1.74147606,0.65707398,0.07568359
1.60696412,0.5987053,0.11279297
1.60848999,0.59881592,0.09582519
1.47725678,0.54079628,0.09960937
1.4775467,0.54080963,0.0961914
1.3465271,0.4828415,0.09863281
1.3467846,0.48284531,0.09533691
1.21516228,0.42495346,0.1081543
1.21553231,0.424947741,0.10302734
1.08513642,0.36708451,0.1003418
1.08547593,0.36706734,0.09533691
0.95523835,0.30917168,0.08959961
0.95554924,0.30914307,0.08447265
0.82416535,0.25130463,0.09582519
0.82444954,0.25126076,0.09069824
0.69392777,0.193588261,0.09545898
0.69401169,0.19356919,0.09387207
3.23711777,1.3626709,0.08007812
3.24303627,1.3640728,0.04309082
3.10628701,1.304195411,0.0649414
3.11250115,1.30561829,0.0246582
2.97050858,1.24463082,0.08325195
2.9770279,1.24607087,0.03942871
2.84073639,1.18641854,0.06188965
2.8462677,1.18758965,0.02319336
2.70308686,1.12662697,0.09838867
2.70887185,1.12779808,0.05627441
2.57306099,1.06846428,0.08190918
2.57706833,1.06923294,0.05151367
2.44145394,1.01001168,0.07800293
2.44508362,1.0106678,0.04907226
2.30777741,0.95125389,0.09240723
2.31144524,0.95186997,0.06188965
2.17585373,0.892854691,0.09423828
2.17877007,0.89330483,0.06872558
2.0438633,0.83452416,0.09899902
2.04644394,0.83488274,0.07531738
1.91331292,0.77645684,0.0925293
1.91523934,0.77669526,0.07385254
1.78239632,0.71837616,0.0904541
1.78437806,0.71858216,0.07019043
1.65034485,0.66020203,0.10070801
1.65127945,0.66028023,0.09057617
1.51978112,0.60224533,0.09765625
1.52021981,0.60227204,0.09265137
1.38831521,0.54429055,0.10681152
1.38928223,0.54432297,0.09484863
1.25820351,0.4864254,0.10046387
1.25858498,0.4864254,0.09533691
1.12718201,0.42864991,0.10900879
1.12765122,0.42863465,0.10229492
0.9975586,0.37077332,0.09582519
0.99777794,0.37075615,0.09240723
0.86786652,0.31298066,0.08605957
0.86806679,0.31295586,0.0826416
0.73662186,0.25543404,0.10449219
0.7368908,0.25538445,0.09936523
0.6071167,0.19747544,0.08728027
0.60727883,0.19743348,0.08374023
3.26612092,1.41745568,0.05432129
3.27157593,1.41876221,0.02062988
3.12794304,1.35716629,0.08422851
3.13346291,1.35844612,0.04882812
2.99587059,1.29837418,0.07739258
3.00092507,1.29950524,0.04370117
2.86257744,1.23939324,0.08129883
2.8681736,1.24059677,0.04260254
2.73112107,1.18084526,0.0736084
2.73442078,1.18152428,0.04980469
2.59939766,1.12227822,0.06884765
2.60276223,1.12293435,0.0435791
2.46469117,1.06311798,0.08630371
2.46855927,1.06383133,0.0559082
2.33206368,1.00449944,0.09216308
2.33556366,1.00510216,0.06347656
2.19907761,0.9459076,0.10363769
2.20184708,0.94634819,0.07983398
2.06793023,0.88767434,0.10131836
2.07000733,0.88797379,0.0826416
1.93733788,0.82952309,0.09411621
1.93894768,0.82972908,0.07873535
1.8057251,0.77136422,0.1003418
1.80723572,0.771532061,0.08508301
1.67642594,0.71347046,0.08349609
1.67834282,0.713644031,0.06298828
1.54323769,0.65530396,0.11047363
1.54413224,0.65536499,0.1003418
1.41340447,0.59744454,0.10192871
1.4142418,0.59747887,0.0916748
1.28417206,0.53959084,0.08544922
1.28456307,0.53959656,0.08032226
1.15209198,0.48179818,0.10888672
1.15258408,0.48178673,0.10192871
1.02217484,0.42409134,0.10595703
1.02261734,0.42406273,0.09924316
0.89197541,0.36638642,0.10693359
0.89208413,0.366373071,0.10510254
0.76189042,0.30864525,0.10534668
0.76207734,0.30861473,0.10192871
0.6320324,0.25091744,0.10095215
0.63212014,0.25089646,0.09924316
3.30441285,1.47777367,0.04431152
3.16648674,1.41749764,0.07214355
3.1723404,1.41887474,0.03515625
3.03248787,1.358198171,0.07678223
3.03788567,1.3594265,0.04138183
2.90042305,1.29942704,0.07141113
2.9058857,1.30062485,0.03430176
2.76747513,1.24050904,0.07348633
2.77273179,1.24161148,0.03625488
2.63475991,1.18167878,0.07519531
2.63886261,1.18249894,0.0447998
2.49915505,1.12234879,0.1003418
2.50287819,1.1230526,0.07165527
2.37017251,1.06431008,0.07580566
2.37268258,1.0647564,0.05566406
2.23591042,1.00539017,0.09545898
2.23811341,1.00575447,0.0769043
2.10344124,0.94689751,0.1040039
2.10611344,0.94729996,0.08032226
1.97316361,0.88874627,0.09338379
1.97498322,0.88899422,0.07641601
1.8424511,0.83052445,0.08654785
1.84313202,0.830606461,0.07983398
1.71125222,0.77235413,0.08776855
1.71304131,0.77253151,0.0690918
1.57975007,0.71419716,0.09338379
1.58081627,0.71427918,0.08154297
1.44890213,0.65617371,0.09436035
1.44960976,0.65621186,0.08605957
1.3169384,0.59812737,0.10949707
1.31814194,0.59815598,0.09423828
1.18720246,0.54022217,0.09924316
1.18794823,0.540216451,0.08911133
1.05616189,0.4823494,0.10754394
1.05628396,0.48234368,0.10571289
0.92635918,0.42453194,0.10083008
0.92647171,0.4245224,0.09912109
0.79566002,0.36670494,0.10595703
0.79575348,0.36669159,0.10424805
0.6662426,0.308786401,0.09106445
0.66641808,0.30875016,0.08764648
3.35420609,1.54178048,0.04724121
3.36036492,1.54329491,0.01037598
3.21683121,1.4815197,0.0690918
3.22252274,1.482879641,0.0336914
3.08137322,1.4218216,0.08203125
3.08739663,1.42321587,0.04321289
2.94874764,1.36280823,0.07763672
2.95431328,1.36404992,0.04040527
2.8147316,1.30355072,0.08447265
2.81959725,1.30459404,0.05065918
2.68124009,1.24447441,0.08984375
2.68567086,1.24538041,0.05773926
2.54942131,1.18581391,0.08544922
2.5536728,1.186641701,0.05334473
2.41744805,1.12716294,0.08312988
2.41980362,1.127594,0.06457519
2.28603173,1.0686493,0.07763672
2.28870011,1.06910515,0.05566406
2.15055466,1.009490971,0.1072998
2.15289307,1.009861,0.08703613
2.01832009,0.95098496,0.11291504
2.02056313,0.95130539,0.0925293
1.88866997,0.89287949,0.09606933
1.89025307,0.89307976,0.08093262
1.75601578,0.83443642,0.109375
1.75785256,0.83463478,0.09069824
1.62503434,0.77625847,0.1081543
1.626297,0.7763691,0.09460449
1.49279404,0.71804238,0.12280273
1.49413681,0.71813012,0.10742187
1.36391831,0.66007614,0.09973144
1.36405182,0.66007996,0.09814453
1.23213578,0.60201264,0.11291504
1.23316956,0.60202217,0.09924316
1.10241318,0.54406739,0.10192871
1.10253907,0.54406548,0.10009765
0.97128487,0.486167911,0.11108398
0.97161484,0.48614502,0.10595703
0.84179879,0.42825127,0.09777832
0.84240914,0.42817879,0.08752441
0.7114048,0.37039566,0.09851074
0.71158791,0.37036324,0.09509277
0.58148385,0.31251717,0.09228515
0.58173562,0.31245423,0.08703613
3.40180588,1.60310746,0.02880859
3.26319314,1.54249001,0.05834961
3.12621689,1.482395181,0.08178711
3.13313294,1.48401642,0.03796387
2.99119759,1.42282868,0.0949707
2.9978447,1.42433739,0.05126953
2.86233712,1.36472702,0.06970215
2.86726571,1.36580277,0.03601074
2.72839928,1.30556298,0.08044433
2.73197175,1.30630875,0.05505371
2.59732056,1.24704552,0.07238769
2.60075188,1.24772644,0.04699707
2.46344567,1.18800164,0.0859375
2.46671677,1.18861771,0.06066894
2.32878304,1.128961571,0.11010742
2.3323555,1.12959099,0.08129883
2.20030404,1.07105446,0.08569336
2.20290566,1.0714798,0.0637207
2.06789971,1.01254845,0.09582519
2.07056427,1.01294709,0.07214355
1.93705559,0.9542923,0.09240723
1.9392376,0.95458413,0.07202148
1.80348015,0.89579392,0.1184082
1.80536843,0.89601326,0.09985351
1.67522622,0.83792878,0.09228515
1.67588234,0.83799172,0.08532715
1.54289818,0.779773721,0.1118164
1.54412079,0.77986527,0.0982666
1.41277886,0.72183037,0.10827637
1.41335869,0.72185898,0.10144043
1.28189469,0.66388893,0.11499023
1.28242493,0.66390038,0.10827637
1.15223885,0.606004721,0.10705566
1.15248871,0.6060009,0.10363769
1.02322388,0.54813576,0.09106445
1.02334595,0.54813004,0.0892334
0.89280701,0.49032021,0.09533691
0.8930111,0.490301141,0.09204101
0.76266861,0.43247605,0.09509277
0.76286316,0.43244744,0.09155273
0.63240815,0.37467575,0.09777832
0.63249207,0.37465859,0.09606933
3.44227028,1.66257286,0.03686523
3.30187035,1.60147095,0.0760498
3.31050492,1.60358429,0.02404785
3.16726876,1.54190827,0.08398437
3.17481041,1.54369927,0.0369873
3.03485871,1.48287583,0.07861328
3.04058075,1.4841919,0.04162598
2.90174485,1.42374993,0.07971191
2.90827561,1.4251976,0.03588867
2.77070809,1.36514855,0.06884765
2.77576256,1.36622429,0.03356933
2.63645745,1.3059063,0.08178711
2.64064217,1.306755071,0.05126953
2.50331688,1.24697686,0.0892334
2.50733185,1.24775124,0.05871582
2.37113762,1.1882267,0.08911133
2.37432671,1.18880463,0.06384277
2.23818589,1.12946129,0.09899902
2.24083901,1.12990952,0.0769043
2.10590554,1.07089997,0.10595703
2.10862542,1.0713234,0.08227539
1.97478676,1.01258088,0.10510254
1.97682,1.01286698,0.08642578
1.84419442,0.95435524,0.09997558
1.84543038,0.954507831,0.08813476
1.71196938,0.8960228,0.11352539
1.71379471,0.89621544,0.0949707
1.58207322,0.8379612,0.10412598
1.58332634,0.83806801,0.09057617
1.45140267,0.7798729,0.10424805
1.45228386,0.7799263,0.09411621
1.32108117,0.72182465,0.10095215
1.32134819,0.72183419,0.09765625
1.19112206,0.66376114,0.09228515
1.19176484,0.66376496,0.08374023
1.05963135,0.6058445,0.10852051
1.05998803,0.60583306,0.10339355
0.92934227,0.54783631,0.10595703
0.92945672,0.54782677,0.10412598
0.79865265,0.4900055,0.11401367
0.79895211,0.48996735,0.10888672
0.66923142,0.43206978,0.10217285
0.66950036,0.4320221,0.0970459
0.5384903,0.37443924,0.11694336
0.53865242,0.37439728,0.11352539
3.23389435,1.609544761,0.01660156
3.09415818,1.54869271,0.05480957
3.09998894,1.55005646,0.01782226
2.95746041,1.48871041,0.07836914
2.96333313,1.49003411,0.03967285
2.82693673,1.43020249,0.06384277
2.83285523,1.43148613,0.02331543
2.69164467,1.37068177,0.08251953
2.69733811,1.37186623,0.04211426
2.5604229,1.31209565,0.07495117
2.56384659,1.31277466,0.04956055
2.43215752,1.25406647,0.04455566
2.43544007,1.25468064,0.01916504
2.29596711,1.1946373,0.07800293
2.29868508,1.19511223,0.05603027
2.16444016,1.13611794,0.07653808
2.16643906,1.13644219,0.05957031
2.03331185,1.07769585,0.07263183
2.03521729,1.07797814,0.05566406
1.90003396,1.0190239,0.08984375
1.9016552,1.01923943,0.07458496
1.77022171,0.96087456,0.07653808
1.77159119,0.96103096,0.06298828
1.63770295,0.90250588,0.09277344
1.63931084,0.90266037,0.07580566
1.50709534,0.844400411,0.09130859
1.50876999,0.84452248,0.07263183
1.37711716,0.78633881,0.08288574
1.37768174,0.78636742,0.07617187
1.24597741,0.7282753,0.08972168
1.24624825,0.72827912,0.08630371
1.11512948,0.67025376,0.09411621
1.11561966,0.67024804,0.08740234
0.98421479,0.61234856,0.1027832
0.98444748,0.61233712,0.09936523
0.85458756,0.55442047,0.09362793
0.85468865,0.55441094,0.09204101
0.72458268,0.49652863,0.09057617
0.72476769,0.49650002,0.08728027
0.59428406,0.438764581,0.09533691
0.59463311,0.43869019,0.08850098
3.26234436,1.66664696,0.0657959
3.26848603,1.66814614,0.02868652
3.12496376,1.606370931,0.09069824
3.13141823,1.607898721,0.05041504
2.99286271,1.5474453,0.08581543
2.99909401,1.5488739,0.04528808
2.85994912,1.48837281,0.0871582
2.86494446,1.48947525,0.0534668
2.72987748,1.42996598,0.07055664
2.73324395,1.43067932,0.04699707
2.59543229,1.3706913,0.08642578
2.59936142,1.37148476,0.05773926
2.4617138,1.31165696,0.09973144
2.46483803,1.31225586,0.07592773
2.33195305,1.253438951,0.08459473
2.33514977,1.25401497,0.0592041
2.19945336,1.19474411,0.09191894
2.20188332,1.19515229,0.07165527
2.0672474,1.13616562,0.09863281
2.06918908,1.13646508,0.08166504
1.93681336,1.07791138,0.09143066
1.93884087,1.07819176,0.0727539
1.80542183,1.019563681,0.09436035
1.80698967,1.01975632,0.07910156
1.67275429,0.96115303,0.11230469
1.67423821,0.96130562,0.0970459
1.54208184,0.90303421,0.11230469
1.54286385,0.90309906,0.10388183
1.41157341,0.84499741,0.1126709
1.41215325,0.84503174,0.10595703
1.28258133,0.787086491,0.09655762
1.28312493,0.78710366,0.08984375
1.15106392,0.72905732,0.1105957
1.15144539,0.72905732,0.10546875
1.02067185,0.67116356,0.11364746
1.02126313,0.67114258,0.10510254
0.89132691,0.61322594,0.1015625
0.89175606,0.61319352,0.09472656
0.76158143,0.55535508,0.09667969
0.76158143,0.55535508,0.09667969
0.63096428,0.497613911,0.1072998
0.63096428,0.497613911,0.1072998
0.50109864,0.43985176,0.1072998
0.50133896,0.43978882,0.10217285
3.30187226,1.72589684,0.05102539
3.16344834,1.66530037,0.0805664
3.16972924,1.66680527,0.04187012
3.0309887,1.60622216,0.07617187
3.03573418,1.6073227,0.04577637
2.8970089,1.54686165,0.08349609
2.90234185,1.54805947,0.0480957
2.76395798,1.48778534,0.08691406
2.76885987,1.48884201,0.05310058
2.63183213,1.42895317,0.08532715
2.63559533,1.42972756,0.05834961
2.49926377,1.37009049,0.08874512
2.50241852,1.37070847,0.06518555
2.36596108,1.3111763,0.10046387
2.36964989,1.31185723,0.0715332
2.23567391,1.25286103,0.08972168
2.23836709,1.25332642,0.06774902
2.10442162,1.19442177,0.08825683
2.10678292,1.19479943,0.06799316
1.97249222,1.13595009,0.09484863
1.97455788,1.136251451,0.07629394
1.84119034,1.07763481,0.09777832
1.84225846,1.077772141,0.08764648
1.70955658,1.01935578,0.1060791
1.71125412,1.0195427,0.08911133
1.57801056,0.961130151,0.11499023
1.57945824,0.96125985,0.09960937
1.44892884,0.90327263,0.10192871
1.44953728,0.903316501,0.09509277
1.31892586,0.84531975,0.09838867
1.31963158,0.84535027,0.08984375
1.18850518,0.78738404,0.10083008
1.18902398,0.78739167,0.09411621
1.05953408,0.72947502,0.08483887
1.05966187,0.729473121,0.08300781
0.92848969,0.67165375,0.09899902
0.92882538,0.671634681,0.09399414
0.79938317,0.61380196,0.08654785
0.79979897,0.61375809,0.07958984
0.66837121,0.55622101,0.10742187
0.66856003,0.55619049,0.1040039
0.53938485,0.49832535,0.09204101
0.5395546,0.4982853,0.08850098
3.35047532,1.78701401,0.03137207
3.20678902,1.725023271,0.08996582
3.21647454,1.72737313,0.03112793
3.07468224,1.665948871,0.08129883
3.08004189,1.66720963,0.04760742
2.94158364,1.60671616,0.08117676
2.94621277,1.60776902,0.05090332
2.80816079,1.54746247,0.0847168
2.81463242,1.54887772,0.04089355
2.67399598,1.48812676,0.09570312
2.67877198,1.48912812,0.06201172
2.54487992,1.42988968,0.07238769
2.54787064,1.43048859,0.05041504
2.40999222,1.37055207,0.09289551
2.41241456,1.371011741,0.07434082
2.27684784,1.31161499,0.10217285
2.27939034,1.31206704,0.08178711
2.14610482,1.25317002,0.09423828
2.1481247,1.2535038,0.07727051
2.01430703,1.19462395,0.09729004
2.01660538,1.19497109,0.07702637
1.88222504,1.13609124,0.10449219
1.88386345,1.13631249,0.08935547
1.75220108,1.07787514,0.09387207
1.75323678,1.07799721,0.08374023
1.61996079,1.01945687,0.10656738
1.62143136,1.01960183,0.09130859
1.49025536,0.96134186,0.09472656
1.49102784,0.96140099,0.08618164
1.35856438,0.90314675,0.10681152
1.35972214,0.90320778,0.09326172
1.22790719,0.84509278,0.109375
1.22845459,0.84510613,0.10253906
1.09817696,0.78705025,0.09997558
1.09855462,0.78704834,0.09484863
0.96793557,0.72900772,0.09741211
0.96793557,0.72900772,0.09741211
0.83648682,0.67119408,0.11767578
0.83669281,0.67117691,0.11437988
0.70648957,0.61321068,0.11352539
0.70678139,0.61317063,0.10839844
0.57767868,0.55518341,0.09228515
0.57812119,0.55509377,0.0838623
0.44639206,0.49767113,0.11950683
0.44670868,0.49758149,0.11254883
3.25752831,1.78689576,0.05224609
3.12129403,1.72684288,0.0690918
3.12836266,1.72852707,0.02526855
2.98734093,1.66740227,0.07385254
2.99388886,1.66891289,0.03186035
2.85589028,1.608612061,0.06469726
2.86118317,1.6097889,0.02954101
2.72202301,1.5493145,0.07263183
2.72615624,1.5501976,0.04406738
2.58898163,1.49023629,0.07617187
2.59365273,1.49118996,0.04248047
2.45264626,1.43058777,0.10644531
2.456913,1.431413651,0.07434082
2.32176018,1.37206459,0.09777832
2.32499695,1.37265587,0.07238769
2.1911335,1.3136406,0.08874512
2.19359398,1.31406021,0.06848144
2.05827141,1.25489426,0.09973144
2.06081009,1.2552929,0.07775879
1.92876435,1.19671631,0.08300781
1.93045807,1.19695473,0.06762695
1.79684258,1.13823319,0.08935547
1.79843522,1.13843346,0.07409668
1.66562844,1.07986641,0.08972168
1.66729737,1.0800438,0.07287598
1.53397561,1.021528251,0.09680176
1.53524399,1.02163887,0.08325195
1.40236474,0.9632988,0.10656738
1.40281105,0.96332932,0.1015625
1.27242089,0.90522766,0.09887695
1.2728386,0.90524292,0.09387207
1.14150811,0.84717751,0.1048584
1.14189721,0.84718132,0.09973144
1.01097298,0.78912163,0.10546875
1.01134491,0.78911209,0.10021973
0.88164902,0.73108673,0.09057617
0.88175583,0.73107911,0.08898926
0.75183869,0.673069,0.08276367
0.75194741,0.67305756,0.08105469
0.62003899,0.61540985,0.11206055
0.62021637,0.61537934,0.10876465
0.49048233,0.55747033,0.10314941
0.49064064,0.55743027,0.09985351
3.29718209,1.84292794,0.01708984
3.15251923,1.78079033,0.08410644
3.16132355,1.78290558,0.03027344
3.01997376,1.721731191,0.08190918
3.02714539,1.72340203,0.03649902
2.88913727,1.66311264,0.07019043
2.89502144,1.66443825,0.03149414
2.75359726,1.60348511,0.09069824
2.75878716,1.60460663,0.05529785
2.62464333,1.54531098,0.06726074
2.62867356,1.5461464,0.03857422
2.49177361,1.48641014,0.07397461
2.49588776,1.48722077,0.0435791
2.36011124,1.42778397,0.07299805
2.36295891,1.42831421,0.05102539
2.22945023,1.36938668,0.06555176
2.23197365,1.369827271,0.04516601
2.09583474,1.31055642,0.08422851
2.09803391,1.31091118,0.06567383
1.96411515,1.25214386,0.09033203
1.9664116,1.252481461,0.06994629
1.83156205,1.1936493,0.10498047
1.8328209,1.19381523,0.09326172
1.70175744,1.13559533,0.09631348
1.70295144,1.13573075,0.08459473
1.57132531,1.07754135,0.09594726
1.57229615,1.077632911,0.08581543
1.44044304,1.01949501,0.10192871
1.44137001,1.019563681,0.09155273
1.31035805,0.96157647,0.10095215
1.31049729,0.96158219,0.09924316
1.18016243,0.90373421,0.10375976
1.18043328,0.90373993,0.1003418
1.05012513,0.84593392,0.10571289
1.05024529,0.845932011,0.10412598
0.92228699,0.78807831,0.0769043
0.92228699,0.78807831,0.0769043
0.79228211,0.730272301,0.07824707
0.79259682,0.73024178,0.07324219
0.66189194,0.67261315,0.08911133
0.66207695,0.67258644,0.08581543
0.53142357,0.61508561,0.1048584
0.53151703,0.61506653,0.10302734
3.34747696,1.90389634,0.00378418
3.20642472,1.84256173,0.04724121
3.06891633,1.78221512,0.07336426
3.07620812,1.78393555,0.0279541
2.93648339,1.72315216,0.0703125
2.9419632,1.72440338,0.03491211
2.80424118,1.6641388,0.06628418
2.80850792,1.665075311,0.03771973
2.67080498,1.60497284,0.07348633
2.67540169,1.60594178,0.0415039
2.5381279,1.54605294,0.07800293
2.5427723,1.54698754,0.04431152
2.40441704,1.48694229,0.0904541
2.40820504,1.48766327,0.06176758
2.27320481,1.42839432,0.08654785
2.27662659,1.42900658,0.05957031
2.14125252,1.36976624,0.09020996
2.14288712,1.37003899,0.07666015
2.00874138,1.31115723,0.10168457
2.01165772,1.31160164,0.07629394
1.87863923,1.252910621,0.09216308
1.88012505,1.2531147,0.07849121
1.74647904,1.1944561,0.10351562
1.74805832,1.19464684,0.0883789
1.61660386,1.13634682,0.09509277
1.61760331,1.13644791,0.08483887
1.48406601,1.07804489,0.11608887
1.48564339,1.07817269,0.09899902
1.3554287,1.02004242,0.09436035
1.35617066,1.02008438,0.08581543
1.22476578,0.962020881,0.09887695
1.22517968,0.96203423,0.09387207
1.09499741,0.90401459,0.09204101
1.09552002,0.90401459,0.08520508
0.96476746,0.84607315,0.09326172
0.96512413,0.84606171,0.08825683
0.83512688,0.78808213,0.08520508
0.83524323,0.78807259,0.08337402
0.70438385,0.73026848,0.0970459
0.70448876,0.73025513,0.09521484
0.57452202,0.67233849,0.09362793
0.57479287,0.67228699,0.08850098
0.44444466,0.61453247,0.09680176
0.44444466,0.61453247,0.09680176
3.2438984,1.89937401,0.03393555
3.05229378,1.82597542,0.38916015
3.06377221,1.828708651,0.31860351
2.92424775,1.768173221,0.36706543
2.97522736,1.779935841,0.0423584
2.79469491,1.71004105,0.35510254
2.84312439,1.72081948,0.03503418
2.6631279,1.65149308,0.35742187
2.71022606,1.66156197,0.03393555
2.5331688,1.59332848,0.34985351
2.57566071,1.602008821,0.04614258
2.40306092,1.53514672,0.34375
2.44204331,1.54270745,0.05334473
2.30671311,1.483201981,0.07702637
2.30997849,1.48379898,0.05151367
2.17254258,1.42404175,0.09558105
2.17566872,1.4245739,0.07006836
2.03944397,1.36515236,0.10803223
2.0426178,1.36565018,0.08093262
1.91133118,1.30710411,0.07958984
1.91322518,1.30737496,0.06262207
1.77763558,1.2482872,0.10205078
1.77889824,1.24844742,0.09020996
1.64753533,1.19002915,0.09375
1.64922524,1.19021225,0.0769043
1.51412583,1.13148117,0.12036133
1.51524163,1.13157845,0.10852051
1.38585854,1.07344628,0.09448242
1.38690758,1.07351494,0.0826416
1.2540474,1.01521111,0.10925293
1.25460625,1.015234,0.10253906
1.12452317,0.95713616,0.09875488
1.12477875,0.95713807,0.09545898
0.99373055,0.89911652,0.10656738
0.99398041,0.899110801,0.10302734
0.86430741,0.84107209,0.09558105
0.86453629,0.84105873,0.09216308
0.73405266,0.78304863,0.0961914
0.73447228,0.78300286,0.0892334
0.60383034,0.7251072,0.09875488
0.60429383,0.7250309,0.0904541
0.47371293,0.66727829,0.10339355
0.4739666,0.66721917,0.0982666
3.26386071,1.94480324,0.03015137
3.07321167,1.87163735,0.3782959
3.08148766,1.87361527,0.32800293
2.94169999,1.81310082,0.38098144
2.95743943,1.81674195,0.28173828
2.81146622,1.75491715,0.37731933
2.82561112,1.75807572,0.28479004
2.6808548,1.69670105,0.37768555
2.69077874,1.69883347,0.31018066
2.55235482,1.638967521,0.36450195
2.56047631,1.64063645,0.3071289
2.42213059,1.58090973,0.36437988
2.46501923,1.58928681,0.04858398
2.29210663,1.52297593,0.36523437
2.33167458,1.53027344,0.0612793
2.16288376,1.46523667,0.36145019
2.19867516,1.47141075,0.07397461
2.03775406,1.40818215,0.32397461
2.06933022,1.41321946,0.05834961
1.9353447,1.35434533,0.08361816
1.93763924,1.3546772,0.06335449
1.80178833,1.29561615,0.10742187
1.80416108,1.29592324,0.08544922
1.67248536,1.23760224,0.09667969
1.67386818,1.23775673,0.08300781
1.54136277,1.179376611,0.10339355
1.54267121,1.17949677,0.08972168
1.41212273,1.12137413,0.09204101
1.4132061,1.12145234,0.08007812
1.28037262,1.06322861,0.10925293
1.28109742,1.06326104,0.10083008
1.15077591,1.00531006,0.10510254
1.15185929,1.00532914,0.09155273
1.02221299,0.94738198,0.08703613
1.02233506,0.947380071,0.08544922
0.89184761,0.889495851,0.09387207
0.89208413,0.88948441,0.0904541
0.76218605,0.83159066,0.09094238
0.76218605,0.83159066,0.09094238
0.63200379,0.77380371,0.0982666
0.63238907,0.77374649,0.09143066
0.5023861,0.71603394,0.09863281
0.50281907,0.71594048,0.09020996
0.37246514,0.65833092,0.10498047
0.37285805,0.65821648,0.09643555
3.10561181,1.92352867,0.37573242
2.97679329,1.86546898,0.35742187
2.98947335,1.86842537,0.27844238
2.84500313,1.80677796,0.359375
2.85515595,1.80906487,0.29382324
2.71248627,1.74796296,0.3671875
2.72503663,1.75068093,0.28308105
2.57973671,1.68919945,0.37963867
2.5896492,1.691257481,0.31054687
2.4474392,1.63060379,0.39099121
2.45743371,1.6325779,0.31835937
2.31798172,1.57261086,0.38293457
2.35923386,1.58031655,0.07043457
2.18706513,1.51441765,0.38806152
2.22679902,1.52137566,0.0736084
2.05916787,1.45681954,0.37121582
2.09449196,1.46255494,0.07849121
1.92753029,1.39864731,0.38635254
1.96142769,1.40367699,0.0916748
1.79753113,1.34078217,0.38903808
1.8293953,1.345018391,0.09777832
1.66963196,1.28321076,0.37304687
1.69969941,1.28669167,0.08312988
1.53997994,1.225452431,0.37438965
1.56743432,1.22811127,0.09448242
1.40916825,1.16766358,0.38989258
1.43522644,1.16963005,0.10803223
1.28022194,1.11012268,0.38830566
1.30469513,1.11137963,0.10656738
1.14954949,1.05256272,0.40881348
1.15368844,1.052663811,0.35778808
1.04476166,0.99490738,0.08959961
1.04514695,0.99490357,0.08447265
0.91574288,0.9366684,0.06872558
0.91574288,0.9366684,0.06872558
0.78283501,0.87870407,0.10644531
0.78304482,0.878685,0.10314941
0.65356064,0.820529941,0.09069824
0.65376282,0.82050324,0.08728027
0.52264214,0.76265908,0.10522461
0.52291298,0.76260376,0.10021973
0.39224816,0.7047329,0.11145019
0.39256859,0.70464325,0.10461426
3.19268799,1.98854447,0.03173828
3.05636597,1.92835236,0.04870605
3.06374169,1.93008232,0.00341797
2.91576958,1.86728478,0.09594726
2.92210389,1.86872292,0.05554199
2.74852944,1.800540931,0.3236084
2.79357338,1.81038285,0.02539062
2.61581231,1.74175644,0.3347168
2.66090012,1.75120545,0.02453613
2.48737526,1.68392372,0.31811523
2.52721405,1.69188691,0.03283691
2.35006714,1.62436867,0.36645508
2.39192009,1.632297521,0.05407715
2.21940995,1.56625557,0.37036133
2.25824547,1.57316971,0.06774902
2.0899849,1.50841141,0.36621094
2.12609673,1.51439286,0.07189941
1.96018219,1.45054627,0.36633301
1.99446297,1.45575905,0.07336426
1.82982445,1.39264679,0.37268066
1.86169243,1.39701844,0.08654785
1.70098305,1.33498001,0.3659668
1.73144722,1.33865166,0.07788086
1.57073594,1.277242661,0.37561035
1.59959603,1.28019333,0.08728027
1.44178772,1.21971131,0.37426758
1.46823884,1.22187233,0.09436035
1.31352997,1.1622696,0.36657715
1.33827591,1.16372109,0.08813476
1.1794777,1.1046238,0.42810058
1.18287278,1.10473442,0.3873291
1.05601693,1.047410971,0.36499023
1.07740593,1.04746628,0.08959961
0.94681359,0.989479071,0.09643555
0.9471798,0.98946572,0.09130859
0.81615258,0.93146515,0.10339355
0.81615258,0.93146515,0.10339355
0.68646431,0.87355423,0.10070801
0.6867733,0.87351799,0.09558105
0.55755234,0.81554222,0.08496094
0.55755234,0.81554222,0.08496094
0.42726708,0.7578125,0.09533691
0.42735672,0.75779152,0.09350586
3.35120774,2.09815216,0.05126953
3.21588326,2.03815842,0.0612793
3.2224617,2.03975869,0.02258301
3.07574273,1.97712708,0.10363769
3.08320237,1.97888756,0.05822754
2.94366837,1.91808319,0.09912109
2.94927788,1.91936493,0.06384277
2.81458092,1.85974884,0.07666015
2.81843186,1.860595711,0.05151367
2.67790413,1.799808511,0.10583496
2.6826191,1.80080605,0.07373047
2.54672623,1.74110031,0.0994873
2.55103302,1.74197007,0.0690918
2.41553116,1.68242836,0.09448242
2.41851807,1.68300248,0.07250976
2.28273392,1.62352181,0.10339355
2.28625489,1.62415886,0.07629394
2.1529522,1.56521607,0.09069824
2.15591622,1.56571579,0.06689453
2.02011872,1.50640107,0.10266113
2.02273941,1.50680733,0.0805664
1.86105156,1.44400216,0.3494873
1.89074326,1.44818688,0.08740234
1.73153306,1.38625527,0.3494873
1.75962067,1.38976479,0.08862305
1.60080338,1.32840729,0.36218262
1.6276207,1.33127976,0.09936523
1.46957207,1.27064133,0.38378906
1.49606324,1.27295304,0.10888672
1.34162522,1.213211061,0.37268066
1.36658478,1.21483422,0.09777832
1.21022416,1.15567398,0.40307617
1.23495102,1.15666008,0.1126709
1.10490036,1.09863091,0.11145019
1.10490036,1.09863091,0.11145019
0.97500229,1.04066468,0.11010742
0.97575379,1.040649421,0.09985351
0.84588814,0.98258782,0.09533691
0.84600068,0.9825821,0.09362793
0.71488762,0.924785621,0.11291504
0.71531105,0.924741751,0.10620117
0.58596802,0.866743091,0.09655762
0.58635331,0.86668015,0.08984375
0.45558167,0.80906868,0.10986328
0.45592881,0.80899048,0.10314941
0.32629967,0.7510624,0.09936523
0.32629967,0.7510624,0.09936523
3.25607491,2.091636661,0.00756836
3.11883545,2.03113938,0.02758789
2.97794342,1.9698906,0.07312012
2.98685074,1.97193909,0.01757812
2.84592629,1.91079712,0.06652832
2.85243798,1.91224289,0.02453613
2.70948792,1.85080719,0.09094238
2.71399689,1.8517704,0.06079101
2.5799141,1.79235268,0.07141113
2.58378602,1.79314423,0.04443359
2.447752,1.733379371,0.07019043
2.45077897,1.73396683,0.04821777
2.31623841,1.67458535,0.06567383
2.31869126,1.67503357,0.04711914
2.18197442,1.61532784,0.08325195
2.18496323,1.61583901,0.05969238
2.05114937,1.55675888,0.07653808
2.05256844,1.556983951,0.06469726
1.91915894,1.49806404,0.08105469
1.9213028,1.49837304,0.06237793
1.78662301,1.43937302,0.09265137
1.78848076,1.43961335,0.07568359
1.65596009,1.38099671,0.0892334
1.65736771,1.38115311,0.07568359
1.52604104,1.32276535,0.0805664
1.52687645,1.32284165,0.07202148
1.39452172,1.264400491,0.08850098
1.39515686,1.26444435,0.08154297
1.26280404,1.20612336,0.10144043
1.26338768,1.206150061,0.09472656
1.13306046,1.14799881,0.09350586
1.13388825,1.14801407,0.08337402
1.00201035,1.0899086,0.10339355
1.00252915,1.08990097,0.09643555
0.87256432,1.03186417,0.09387207
0.87316323,1.031833651,0.08532715
0.74257088,0.97388077,0.09326172
0.74289895,0.97385216,0.08813476
0.61277962,0.915922171,0.09057617
0.61308098,0.915878301,0.08544922
0.48233414,0.85814095,0.1015625
0.48279,0.85804749,0.09301758
0.35284424,0.80012513,0.09338379
0.35308838,0.80005646,0.0883789
3.1477623,2.08014298,0.01904297
3.0078373,2.01912499,0.05847168
3.01547432,2.020891191,0.01147461
2.87094117,1.95894432,0.08325195
2.87648392,1.96018219,0.04785156
2.74069405,1.90033341,0.06787109
2.7444973,1.90114975,0.04272461
2.60886002,1.84140969,0.06396484
2.61375046,1.84241486,0.03027344
2.47609711,1.78234291,0.06774902
2.47964097,1.78303719,0.0423584
2.34547616,1.72378159,0.05859375
2.34864045,1.72436715,0.03503418
2.21016694,1.664417271,0.08630371
2.21319962,1.6649437,0.06274414
2.07933617,1.60591889,0.08166504
2.0820179,1.60634995,0.05981445
1.94881821,1.54747963,0.07470703
1.95059395,1.54774285,0.05957031
1.81537056,1.48874283,0.09655762
1.81669808,1.48891831,0.0847168
1.68421174,1.43041993,0.10119629
1.6859932,1.43062592,0.08435058
1.55460358,1.37230492,0.09179687
1.55579758,1.37242127,0.07995605
1.42346001,1.31410027,0.0994873
1.42458916,1.3141861,0.08764648
1.29455376,1.25606728,0.08361816
1.29531098,1.25610733,0.07507324
1.16290474,1.19793892,0.09985351
1.16375161,1.1979599,0.08972168
1.03388978,1.13996125,0.08691406
1.0342846,1.13995934,0.08178711
0.90327645,1.08202935,0.09533691
0.90377236,1.08201027,0.08850098
0.77305413,1.02414894,0.1003418
0.77362061,1.02410508,0.09191894
0.64335824,0.9662571,0.09838867
0.64397812,0.966178901,0.08813476
0.51406289,0.90838242,0.0916748
0.51453591,0.90829277,0.08312988
0.38425637,0.8506279,0.0949707
0.38433838,0.85060692,0.09326172
3.04371262,2.0705204,0.0423584
3.04923249,2.07180405,0.00878906
2.9070263,2.01035118,0.06433105
2.91210175,2.01149178,0.0324707
2.77499772,1.95133591,0.06005859
2.78014374,1.9524498,0.02648926
2.63999176,1.89174462,0.07714844
2.64444924,1.892669681,0.04699707
2.5091877,1.83307267,0.06713867
2.51301384,1.83382988,0.04016113
2.37538529,1.77386666,0.07995605
2.37906075,1.77455712,0.05297851
2.24334717,1.71506501,0.08190918
2.24644661,1.71561051,0.05810547
2.11190224,1.65641594,0.0805664
2.11399842,1.65675927,0.06384277
1.98021889,1.59776497,0.08227539
1.98264504,1.59813118,0.06188965
1.84785271,1.53915787,0.09387207
1.84996415,1.53944397,0.07519531
1.71728516,1.480800631,0.08972168
1.71929169,1.48104096,0.07116699
1.58629036,1.42245293,0.09130859
1.58784295,1.42261124,0.0760498
1.45553589,1.36421204,0.09277344
1.45619774,1.36426545,0.0859375
1.32314301,1.305933001,0.11401367
1.32406617,1.30598832,0.10388183
1.19349862,1.24789238,0.10717773
1.19407082,1.24791146,0.10046387
1.06342125,1.18984032,0.10559082
1.06396866,1.18984414,0.09863281
0.93452836,1.13188553,0.0916748
0.93502617,1.13187027,0.08496094
0.8038826,1.07394791,0.1003418
0.80410767,1.07393265,0.09716797
0.67393685,1.01609612,0.10266113
0.67425728,1.01605797,0.09765625
0.54510117,0.95806694,0.0859375
0.54519654,0.95805169,0.08435058
0.41485405,0.90032578,0.09533691
0.41511727,0.90026474,0.09020996
3.19119835,2.1760521,0.10803223
3.19754601,2.17757988,0.07104492
3.06038094,2.1171608,0.09265137
3.06765175,2.11886025,0.04895019
2.92796135,2.05793763,0.08801269
2.93308831,2.05909539,0.05615234
2.79737664,1.99917794,0.07348633
2.80154801,2.00008583,0.04650879
2.66189576,1.93939591,0.09179687
2.66642571,1.94034195,0.06140137
2.53099823,1.88065911,0.08178711
2.53486824,1.88142968,0.05480957
2.3977089,1.82150078,0.08996582
2.40098,1.82211876,0.06628418
2.26503182,1.76256371,0.09680176
2.26771927,1.76304436,0.07641601
2.13508034,1.7041874,0.08508301
2.13722229,1.70454216,0.06811523
2.00182724,1.64530564,0.10070801
2.00407219,1.64564896,0.08203125
1.87145043,1.58693314,0.09436035
1.87319756,1.58717537,0.07922363
1.7389412,1.528368,0.10961914
1.74042511,1.5285492,0.09606933
1.60753441,1.47001648,0.11682129
1.60894204,1.47016335,0.10327148
1.47893143,1.41192627,0.0961914
1.47909165,1.41193772,0.09460449
1.34822083,1.35371781,0.09887695
1.34931183,1.353788381,0.08703613
1.21656609,1.29556466,0.11486816
1.21686364,1.2955761,0.11145019
1.08789444,1.23750878,0.0961914
1.0884533,1.23751641,0.0892334
0.95699883,1.17955208,0.1081543
0.95750809,1.17954064,0.10144043
0.82807732,1.12161637,0.09582519
0.82830811,1.12160111,0.0925293
0.6973629,1.06377411,0.10888672
0.69747925,1.06376267,0.10705566
0.56808281,1.00584603,0.10131836
0.56838418,1.00579834,0.0961914
0.43900681,0.94797325,0.09289551
0.4393673,0.94789505,0.08618164
0.30841828,0.89050866,0.11486816
0.30858422,0.89046097,0.11145019
3.24766541,2.239046101,0.08642578
3.25502015,2.2408371,0.04443359
3.11126709,2.17893601,0.10632324
3.11893845,2.180751801,0.06103515
2.98228264,2.12061692,0.08337402
2.98832512,2.12199974,0.04638672
2.84690094,2.06091118,0.10180664
2.85219956,2.06208229,0.0682373
2.71673966,2.00243187,0.0892334
2.72108651,2.00335694,0.06066894
2.58609963,1.9438572,0.07995605
2.58979035,1.94460678,0.0546875
2.45133782,1.88453102,0.10131836
2.45536805,1.885313041,0.07263183
2.31970978,1.82589531,0.10266113
2.3231411,1.82652283,0.07727051
2.18769074,1.76724053,0.10839844
2.19053841,1.76772881,0.08642578
2.057724,1.70896912,0.09924316
2.06024743,1.70937157,0.07885742
1.92830658,1.65076065,0.08520508
1.93091011,1.65114022,0.06323242
1.79307938,1.59181214,0.12365723
1.79478837,1.5920353,0.10839844
1.66446877,1.53382111,0.10583496
1.66572571,1.53396416,0.09411621
1.5338707,1.47563553,0.10766601
1.5352459,1.47576714,0.09399414
1.40354157,1.4175396,0.10839844
1.40418625,1.41758728,0.10168457
1.2746811,1.35956574,0.09436035
1.27528573,1.35959626,0.08764648
1.14489174,1.30152703,0.08996582
1.14503098,1.30153084,0.0883789
1.01342202,1.24353028,0.10791015
1.01382065,1.24352837,0.10290527
0.88332367,1.18567086,0.11254883
0.88356591,1.18566323,0.10925293
0.75439644,1.12768937,0.09912109
0.75450707,1.12767983,0.09741211
0.62409783,1.06985665,0.10693359
0.62451554,1.06980324,0.10021973
0.49518204,1.01189995,0.09399414
0.49518204,1.01189995,0.09399414
0.36505127,0.9542408,0.10461426
0.36521912,0.95419884,0.10131836
3.02449418,2.17678833,0.08007812
3.03035546,2.178144461,0.0447998
2.89351082,2.11792755,0.06750488
2.90023995,2.11943245,0.02539062
2.75957871,2.05843163,0.07397461
2.76529694,2.05966187,0.03686523
2.62760354,1.99943543,0.06994629
2.63210106,2.00036431,0.03967285
2.49674988,1.94070816,0.05944824
2.4996357,1.94127465,0.03918457
2.36271286,1.88143349,0.07336426
2.36689568,1.8822136,0.04296875
2.23176194,1.822790151,0.06640625
2.2344246,1.82325745,0.04626465
2.09780312,1.76365662,0.08337402
2.10035134,1.76407242,0.06311035
1.96805001,1.70526505,0.06848144
1.97009278,1.70557213,0.05151367
1.83529473,1.64651871,0.08117676
1.83722687,1.646780021,0.06433105
1.70461846,1.58803177,0.07519531
1.70627594,1.588230141,0.06005859
1.57258606,1.52948571,0.08447265
1.57417489,1.52964592,0.0690918
1.44095421,1.47103119,0.09130859
1.44212151,1.47112465,0.0793457
1.30895424,1.41267014,0.10534668
1.30957222,1.41270638,0.09863281
1.17921067,1.35449791,0.09655762
1.17980576,1.35451889,0.08959961
1.04800797,1.29631043,0.10546875
1.04856492,1.296312341,0.09851074
0.92032433,1.23816872,0.07177734
0.92084122,1.238155371,0.06481933
0.78820992,1.18019867,0.09814453
0.78880501,1.18015862,0.08959961
0.65806771,1.12219811,0.09899902
0.65827942,1.12217522,0.09570312
0.52835083,1.06413651,0.09289551
0.52844811,1.06412125,0.09130859
0.39810181,1.00616646,0.09606933
0.39827729,1.00612641,0.09277344
0.26797677,0.94834328,0.10168457
0.26854516,0.9481678,0.08972168
3.18510247,2.28784562,0.046875
3.18829918,2.28861237,0.02844238
3.04003716,2.2256279,0.11657715
3.04877282,2.22766495,0.06445312
2.9113369,2.16730309,0.09069824
2.91760636,2.16871834,0.05200195
2.77900506,2.10821915,0.08898926
2.78503418,2.10953141,0.05041504
2.64653779,2.04918862,0.0904541
2.65210724,2.05035019,0.0534668
2.5157795,1.99054337,0.0814209
2.52017785,1.991420751,0.05102539
2.38307572,1.93156243,0.0871582
2.38681221,1.93226815,0.06030273
2.25048829,1.8726902,0.09448242
2.2536583,1.87325478,0.07080078
2.1185627,1.8140297,0.09960937
2.12116433,1.81446267,0.07922363
1.98723412,1.75550843,0.10107422
1.99011994,1.755950931,0.07739258
1.85511399,1.69688988,0.10961914
1.85807801,1.69730187,0.08422851
1.72706795,1.63890648,0.08520508
1.72819138,1.63904381,0.07507324
1.59423638,1.58042717,0.10656738
1.59566308,1.58057785,0.09301758
1.46465111,1.52236367,0.09912109
1.46531868,1.522422791,0.09240723
1.33486176,1.46432495,0.09484863
1.3353386,1.46435738,0.08972168
1.20308304,1.40620995,0.11315918
1.20353127,1.40622902,0.1081543
1.07398797,1.34828949,0.10351562
1.07468033,1.34829903,0.09521484
0.94441796,1.29042817,0.10144043
0.94454575,1.29042626,0.09985351
0.81511116,1.23260689,0.09729004
0.81523896,1.23259926,0.09545898
0.68650628,1.17470169,0.08190918
0.68684197,1.17466927,0.07678223
0.55567551,1.11701775,0.10058594
0.55578423,1.11700249,0.09875488
0.42705727,1.05912018,0.08557129
0.4272461,1.05908203,0.08215332
0.29667092,1.0016613,0.1048584
0.29692269,1.00159073,0.09985351
3.07048798,2.27668763,0.08569336
3.07786179,2.2784195,0.04211426
2.93855095,2.21756554,0.07739258
2.94459534,2.21893692,0.04052734
2.80615616,2.15838814,0.07336426
2.81038285,2.15931321,0.04650879
2.67453003,2.09943581,0.0657959
2.67862893,2.10029793,0.03894043
2.53904915,2.03972817,0.08520508
2.54226113,2.04037285,0.06323242
2.40507126,1.98040772,0.09667969
2.40793229,1.98095513,0.07641601
2.27438927,1.92177964,0.08642578
2.27757645,1.92235375,0.06274414
2.14295388,1.863065721,0.08312988
2.14535523,1.86347008,0.06445312
2.00944138,1.804080971,0.09802246
2.01194191,1.804471971,0.07788086
1.87806702,1.74549103,0.09741211
1.88045502,1.745830541,0.07714844
1.74601937,1.6869011,0.10522461
1.74790955,1.68713951,0.0883789
1.61521531,1.62852669,0.10351562
1.61683655,1.62870598,0.08825683
1.48473359,1.57022477,0.09973144
1.48577309,1.57032013,0.08947754
1.35357094,1.51190567,0.1040039
1.35406876,1.51194191,0.09875488
1.22372437,1.453708651,0.09521484
1.22418023,1.45372963,0.09020996
1.09288979,1.395524981,0.09924316
1.09331704,1.39553452,0.09411621
0.96328354,1.33741188,0.08984375
0.96342469,1.33741188,0.08801269
0.83425141,1.27926064,0.07226562
0.83438302,1.27925492,0.07043457
0.70269013,1.22127343,0.09057617
0.70292283,1.22125245,0.0871582
0.57192612,1.16339302,0.10205078
0.57213784,1.16336441,0.09863281
0.44218445,1.10546494,0.0994873
0.44228363,1.10544587,0.09765625
0.31251908,1.04751206,0.09521484
0.31269265,1.04746628,0.09179687
2.96745682,2.268697741,0.03039551
2.83125306,2.20861245,0.04736328
2.83606339,2.20967484,0.01721191
2.69594384,2.14884949,0.06225586
2.70113183,2.14995194,0.02856445
2.56469727,2.09003449,0.05310058
2.56919098,2.09094811,0.02270508
2.43123055,2.03079224,0.05957031
2.43481827,2.03148651,0.03430176
2.29650689,1.97141838,0.07800293
2.30088616,1.97222138,0.04589844
2.16715241,1.91308594,0.05871582
2.17069245,1.91369439,0.03161621
2.03392792,1.85412217,0.06982422
2.03668404,1.85456086,0.04785156
1.90239335,1.79550362,0.06970215
1.90461731,1.79582787,0.05114746
1.76922799,1.7366848,0.08410644
1.77116204,1.73693848,0.06713867
1.63873101,1.67834092,0.07873535
1.64056969,1.67855072,0.06164551
1.50823594,1.62003899,0.07434082
1.5096283,1.6201725,0.06079101
1.37640191,1.56168747,0.08520508
1.37739945,1.56176186,0.07495117
1.24561692,1.50346375,0.08666992
1.24623108,1.50349808,0.07995605
1.11508561,1.44536209,0.0883789
1.11581612,1.44538117,0.07983398
0.98518181,1.38737107,0.08532715
0.98532486,1.38737107,0.08349609
0.85402108,1.32940102,0.09838867
0.85452271,1.32938195,0.0916748
0.72447587,1.27145005,0.09204101
0.72459984,1.27144242,0.09020996
0.59410477,1.21360398,0.09887695
0.59420777,1.21359253,0.09716797
0.4654007,1.15561486,0.08093262
0.46559906,1.15557862,0.07739258
0.33499146,1.097944261,0.09301758
0.33543587,1.09783554,0.08447265
0.2047596,1.04032135,0.10412598
0.2048378,1.04029656,0.10253906
3.13442231,2.38212395,0.00561523
2.99133873,2.32048416,0.06347656
2.99723816,2.3218441,0.02819824
2.85918236,2.261478431,0.05908203
2.86516953,2.26281548,0.02185058
2.72556115,2.20221329,0.06555176
2.73078919,2.20333863,0.03198242
2.58962632,2.14253235,0.08911133
2.59644509,2.14393807,0.04370117
2.46278382,2.08478737,0.05371094
2.46740532,2.08569527,0.02172851
2.32770539,2.02544022,0.0760498
2.33097458,2.02605057,0.05249023
2.19467926,1.96657372,0.08618164
2.19738389,1.96704865,0.0657959
2.06318856,1.908041,0.08654785
2.06619645,1.9085331,0.06286621
1.93221093,1.84964371,0.08435058
1.93344117,1.84982872,0.07421875
1.79921532,1.79104615,0.1015625
1.8009758,1.79128456,0.08630371
1.66910744,1.73288918,0.09521484
1.67098046,1.73311425,0.07824707
1.53678894,1.67453957,0.11083984
1.53891182,1.67475701,0.09057617
1.40853692,1.6165638,0.08654785
1.40937806,1.61663437,0.07800293
1.2779007,1.55850411,0.08935547
1.27869606,1.55855179,0.08081055
1.14588738,1.500446321,0.109375
1.1463337,1.50046158,0.10424805
1.01728249,1.44256401,0.09204101
1.01784707,1.44256783,0.08508301
0.88785363,1.38459778,0.08251953
0.88824273,1.38459015,0.07739258
0.75754738,1.32669831,0.08569336
0.75790787,1.32667733,0.0805664
0.62745285,1.26884842,0.08764648
0.62811661,1.26877976,0.07751465
0.49741364,1.21112061,0.09228515
0.49761773,1.211088181,0.08886719
0.36801148,1.15323449,0.08459473
0.3681984,1.15319443,0.08117676
0.23814011,1.09545517,0.08569336
0.23838807,1.09538269,0.08068848
3.0109005,2.36774063,0.05761719
3.0193882,2.36971093,0.00720215
2.87399102,2.30755043,0.07873535
2.88084794,2.30908966,0.03662109
2.74286271,2.24872399,0.06616211
2.74841691,2.24992562,0.03076172
2.61067391,2.18974305,0.06237793
2.61524582,2.190691,0.03210449
2.474329,2.12998581,0.08850098
2.47826004,2.130765921,0.06152344
2.34471894,2.0716095,0.06958008
2.34827042,2.07227707,0.04418945
2.21024323,2.01240731,0.08801269
2.21273613,2.0128479,0.06945801
2.07850266,1.95376969,0.08825683
2.08066178,1.95412827,0.07141113
1.94646264,1.89517022,0.09313965
1.9483471,1.89545632,0.07788086
1.81526566,1.83672333,0.09191894
1.81744767,1.837024691,0.07336426
1.6854229,1.77850342,0.08020019
1.6875,1.77875901,0.06164551
1.5520134,1.719903951,0.10205078
1.5531025,1.720018391,0.09179687
1.42316246,1.66183663,0.08239746
1.42385102,1.66189576,0.07556152
1.29099465,1.60356522,0.09790039
1.2922802,1.60364914,0.08435058
1.15915108,1.54543305,0.11340332
1.15944291,1.54544449,0.11010742
1.02988625,1.48744393,0.10095215
1.03088379,1.48745728,0.08898926
0.89985276,1.42948723,0.09887695
0.90011025,1.42948342,0.09558105
0.77079773,1.37158776,0.08630371
0.77116585,1.37156868,0.08117676
0.64085579,1.31371498,0.08532715
0.6411953,1.31368447,0.08032226
0.51098061,1.25584412,0.08374023
0.51119233,1.2558136,0.08020019
0.3808384,1.198045731,0.08740234
0.38102913,1.19800568,0.0838623
0.25104905,1.140314111,0.08850098
0.25122071,1.14026642,0.08496094
3.28959084,2.5300541,0.00866699
3.14408303,2.46755982,0.07238769
3.15495301,2.47016335,0.0102539
3.00781632,2.40744973,0.08801269
3.01436615,2.40897179,0.0493164
2.87478066,2.348196031,0.08752441
2.88193703,2.34980584,0.04370117
2.74380303,2.28944016,0.07531738
2.74777222,2.29030037,0.0501709
2.60925866,2.22997094,0.08740234
2.61308861,2.23076821,0.06225586
2.4738617,2.17041016,0.10754394
2.47707367,2.17104912,0.08557129
2.34176636,2.11158371,0.1072998
2.34531403,2.1122551,0.08203125
2.21093369,2.05306435,0.09985351
2.21368027,2.053554541,0.07946777
2.07990075,1.99455262,0.09509277
2.08295632,1.99506188,0.07141113
1.9473877,1.93580437,0.10205078
1.94948578,1.93612671,0.08508301
1.81526185,1.87723542,0.10925293
1.81726456,1.87751389,0.09228515
1.68435288,1.81893921,0.10888672
1.68548966,1.81908036,0.09875488
1.55369759,1.76067543,0.10644531
1.55460358,1.76077271,0.09790039
1.42387009,1.70258522,0.09851074
1.42489434,1.702676781,0.0883789
1.2915535,1.64433098,0.11669922
1.29252243,1.64439583,0.10656738
1.16192627,1.58637238,0.10998535
1.16223526,1.58638573,0.10644531
1.03205491,1.52837944,0.10522461
1.03248215,1.52838707,0.10021973
0.90102387,1.47042656,0.1159668
0.90116501,1.47042466,0.11413574
0.7732811,1.412385941,0.08361816
0.77378273,1.41236115,0.07678223
0.64305878,1.35451699,0.08666992
0.64305878,1.35451699,0.08666992
0.51183701,1.29675103,0.1048584
0.51226235,1.2966919,0.09802246
0.38257218,1.23882485,0.09460449
0.38266373,1.23880577,0.09289551
0.25216294,1.18115616,0.10546875
0.25224686,1.18113327,0.10375976
3.03157998,2.45118332,0.01159668
2.8888588,2.38966942,0.06762695
2.89521027,2.39109993,0.02905273
2.75654603,2.33062363,0.06384277
2.76348305,2.332130441,0.0201416
2.62124444,2.27099038,0.08044433
2.62589646,2.271961221,0.05004883
2.48821068,2.21191979,0.08483887
2.49293328,2.21286202,0.05285644
2.3567009,2.153198251,0.08007812
2.36076165,2.15396691,0.05151367
2.22494698,2.09450722,0.07922363
2.22793961,2.09504128,0.05725098
2.09226609,2.03574944,0.08789062
2.09490204,2.03619004,0.06762695
1.96306611,1.977575311,0.06982422
1.96538735,1.97793389,0.05126953
1.82948685,1.91873932,0.08740234
1.8306923,1.91890908,0.07727051
1.69724083,1.86026764,0.09851074
1.69992829,1.86060524,0.0748291
1.56671334,1.80203057,0.09509277
1.56817627,1.80218888,0.08154297
1.43588257,1.74378777,0.09521484
1.43675232,1.743865971,0.08666992
1.30392838,1.68556023,0.10949707
1.30506707,1.685638431,0.09765625
1.17523194,1.62758446,0.09082031
1.17600632,1.62761879,0.08227539
1.04544449,1.56960297,0.08532715
1.04617119,1.56961823,0.07678223
0.91473389,1.51162339,0.09118652
0.91487694,1.51162148,0.08935547
0.78434563,1.45367241,0.09387207
0.7844677,1.45366669,0.09228515
0.65437317,1.39580727,0.09387207
0.65448571,1.39579773,0.09228515
0.52365685,1.33805848,0.10620117
0.52408219,1.33800125,0.09936523
0.3947258,1.28008271,0.09033203
0.39521599,1.27999115,0.08190918
0.26453019,1.222322471,0.09594726
0.26461411,1.22230149,0.09436035
3.03598214,2.48773575,0.03039551
2.89754868,2.42710495,0.0592041
2.90312958,2.42835808,0.02551269
2.76417542,2.36767578,0.05944824
2.7700882,2.36895752,0.02246094
2.6261921,2.30739212,0.09216308
2.63164902,2.308527,0.05676269
2.49696732,2.24899292,0.06994629
2.50123597,2.24983979,0.04113769
2.36210251,2.18953133,0.08728027
2.36572266,2.19021416,0.06188965
2.23250962,2.13111306,0.06896973
2.23621369,2.131773001,0.04199219
2.09791375,2.07184983,0.0883789
2.10080338,2.07233048,0.06640625
1.96634484,2.01315499,0.08666992
1.96954346,2.01364708,0.06115723
1.83337594,1.95435143,0.09875488
1.83621788,1.95475006,0.07519531
1.7019825,1.89581108,0.09912109
1.70334626,1.89598275,0.0871582
1.57052994,1.83734513,0.10205078
1.57218171,1.837524421,0.08691406
1.44091034,1.77910996,0.08911133
1.44247818,1.7792511,0.07385254
1.30981827,1.72083092,0.09277344
1.31048584,1.7208767,0.0859375
1.17975426,1.66267014,0.08728027
1.18068696,1.6627121,0.07702637
1.04788399,1.60448075,0.10290527
1.04833413,1.60449028,0.09765625
0.91850472,1.546426781,0.09191894
0.91878129,1.54642296,0.08850098
0.78802681,1.48843575,0.09594726
0.7885418,1.48841286,0.08911133
0.65867424,1.43043518,0.08618164
0.65913964,1.43039513,0.07946777
0.52828598,1.3724823,0.09020996
0.52850533,1.372453691,0.08679199
0.3984356,1.31458092,0.08911133
0.39873124,1.31452561,0.08410644
0.26870156,1.25678635,0.08959961
0.26896859,1.25671769,0.08447265
0.13856507,1.1990242,0.09582519
0.13872719,1.1989708,0.09228515
3.04974366,2.52507401,0
2.90339661,2.46265412,0.07568359
2.9106617,2.46427918,0.03210449
2.77270318,2.40385437,0.06066894
2.7783928,2.4050808,0.02526855
2.6401558,2.3447361,0.05932617
2.64539528,2.34581948,0.02551269
2.50509263,2.28517533,0.07629394
2.51038933,2.28622437,0.04089355
2.37322426,2.22631646,0.07373047
2.37734032,2.22708893,0.04516601
2.23810769,2.16694451,0.09643555
2.24184037,2.16760636,0.06945801
2.10857392,2.10865975,0.0814209
2.11194039,2.10921669,0.05603027
1.97727395,2.05012703,0.08081055
1.97963143,2.05048943,0.06225586
1.84622002,1.99164391,0.07861328
1.84847451,1.99195671,0.06005859
1.71252442,1.93290329,0.10131836
1.714674,1.93317223,0.0826416
1.58293534,1.87475777,0.09057617
1.58424569,1.874898911,0.07861328
1.4522667,1.81657219,0.09179687
1.45349503,1.81668282,0.08007812
1.3203125,1.75828362,0.10571289
1.32147408,1.75836563,0.09387207
1.19057465,1.70023728,0.09936523
1.1913662,1.70027352,0.09082031
1.06002617,1.64219094,0.10290527
1.06048394,1.64220238,0.09765625
0.9304905,1.58418084,0.09521484
0.93077088,1.58417893,0.09179687
0.79989624,1.52630997,0.1040039
0.80054474,1.52628327,0.09545898
0.67066575,1.46835709,0.09411621
0.67114068,1.46831894,0.08740234
0.54105378,1.4104538,0.09020996
0.5412674,1.4104271,0.08691406
0.410738,1.35266304,0.09790039
0.41093445,1.35262871,0.09460449
0.28120995,1.294851311,0.09545898
0.2814827,1.294784551,0.09033203
0.15219689,1.23697281,0.08496094
0.15244294,1.2368927,0.07995605
2.91837502,2.5014782,0.07495117
2.92514801,2.50298691,0.03466797
2.78483963,2.44202996,0.07629394
2.79136467,2.44343186,0.03601074
2.65322876,2.38308716,0.0682373
2.65902138,2.38428116,0.03125
2.51974297,2.32383538,0.07421875
2.52302933,2.32448388,0.05249023
2.38491059,2.26439476,0.09118652
2.38833428,2.26503754,0.06762695
2.25497246,2.205921181,0.07580566
2.25896645,2.2066269,0.04711914
2.12299157,2.14714432,0.07653808
2.1259327,2.14762879,0.05444336
1.98885537,2.0880661,0.09484863
1.99123574,2.08843232,0.07629394
1.85823822,2.02960778,0.08789062
1.86091423,2.02997971,0.06604004
1.72694397,1.97112465,0.08825683
1.72911835,1.9713955,0.06970215
1.59428788,1.9125557,0.10253906
1.59543038,1.91267777,0.09228515
1.46312142,1.85425949,0.10644531
1.46474076,1.85440445,0.09106445
1.33320237,1.79615975,0.10070801
1.33455658,1.79625512,0.0871582
1.20266533,1.73800469,0.10083008
1.20314408,1.73802758,0.09582519
1.0722828,1.67984391,0.09899902
1.07287789,1.679857261,0.09228515
0.94215966,1.62181282,0.09753418
0.94230843,1.62181282,0.09582519
0.81170464,1.56383896,0.1015625
0.81184388,1.56383324,0.09973144
0.68242264,1.50581742,0.09033203
0.68242264,1.50581742,0.09033203
0.55235291,1.447855,0.08996582
0.55247117,1.44783974,0.08825683
0.42214776,1.38995362,0.09289551
0.42235566,1.38991738,0.08947754
0.29215432,1.33221436,0.09765625
0.29243279,1.3321476,0.09265137
0.16281701,1.27425385,0.08874512
0.16298485,1.27420044,0.08532715
3.06441308,2.59611893,0.0078125
2.91581154,2.53324509,0.09594726
2.92403412,2.5350647,0.04724121
2.7869072,2.47483254,0.07006836
2.79240227,2.47600556,0.03637695
2.65321351,2.41546822,0.07543945
2.65877533,2.416606911,0.04003906
2.51929856,2.35615349,0.08459473
2.52390099,2.35705376,0.05419922
2.38819314,2.297454841,0.07702637
2.39262581,2.29828072,0.04663086
2.2566681,2.23871804,0.07336426
2.2602253,2.23934174,0.04797363
2.11950493,2.17907715,0.11218262
2.12335968,2.17971039,0.08349609
1.99083329,2.12093163,0.09057617
1.99280549,2.12123108,0.07531738
1.86027146,2.06255341,0.08496094
1.86213875,2.0628109,0.06982422
1.72827912,2.00402642,0.09228515
1.7302723,2.00427246,0.07531738
1.59579468,1.945529941,0.10620117
1.59749413,1.945711141,0.09106445
1.46636773,1.88744164,0.0949707
1.4669056,1.88748932,0.08996582
1.33463669,1.82916832,0.10595703
1.33600235,1.82926178,0.09228515
1.20524598,1.7711792,0.09680176
1.20653534,1.77124024,0.08325195
1.0743866,1.71315956,0.10412598
1.07514763,1.71317482,0.09570312
0.94585228,1.655210501,0.08605957
0.94627572,1.65520668,0.08093262
0.815691,1.59726906,0.0871582
0.81649781,1.59723664,0.0769043
0.68517495,1.53951836,0.09765625
0.68554306,1.53948975,0.0925293
0.55549431,1.481737141,0.09741211
0.55560494,1.48172379,0.09570312
0.4266491,1.42388916,0.08557129
0.42707062,1.42381668,0.07873535
0.29602623,1.36633873,0.10253906
0.29631043,1.36627198,0.09741211
0.16685296,1.30856514,0.09643555
0.16702462,1.308511741,0.09301758
2.92761994,2.56894875,0.08251953
2.93446541,2.57045746,0.04223633
2.79228211,2.509161,0.09570312
2.79863549,2.5105114,0.05700683
2.66168404,2.45044136,0.0814209
2.66808129,2.451744081,0.04101562
2.52911377,2.39138604,0.08154297
2.53476525,2.392488481,0.04443359
2.39740181,2.33252907,0.07666015
2.40110589,2.3332119,0.0513916
2.26379586,2.27337647,0.08618164
2.26737786,2.27400017,0.06079101
2.13181115,2.21457863,0.08605957
2.13478852,2.2150631,0.06408691
1.99954987,2.1558075,0.08984375
2.00196267,2.15616989,0.07116699
1.86731339,2.09715653,0.09643555
1.87004662,2.097530371,0.07434082
1.7352562,2.03858376,0.10302734
1.73765374,2.03887749,0.08276367
1.60408783,1.98022271,0.10473633
1.60580254,1.9804039,0.08947754
1.47377778,1.92196274,0.09912109
1.47542382,1.9221077,0.08374023
1.34379197,1.86378479,0.09179687
1.34464074,1.86384201,0.08349609
1.21210099,1.80557251,0.10351562
1.21258736,1.80559349,0.09838867
1.08187294,1.7475071,0.10205078
1.08264161,1.74752427,0.09350586
0.95077515,1.68950844,0.11230469
0.9517746,1.689500811,0.10046387
0.82060242,1.63161087,0.11450195
0.82060242,1.63161087,0.11450195
0.69223786,1.57362557,0.09338379
0.69286538,1.57357788,0.08496094
0.56264115,1.5156498,0.08691406
0.56275177,1.51563645,0.08532715
0.43224526,1.45790482,0.09558105
0.43267441,1.45783234,0.08874512
0.30240632,1.40017128,0.0982666
0.30269433,1.40010262,0.09313965
0.17262078,1.34245491,0.10058594
0.17279625,1.34240151,0.09716797
2.93205834,2.59937668,0.10205078
2.94153977,2.60144616,0.04650879
2.80001832,2.54029847,0.09521484
2.80750657,2.54187203,0.04980469
2.66872788,2.48142815,0.08520508
2.6743393,2.48255921,0.04992676
2.53524399,2.42213822,0.08947754
2.54145432,2.42333222,0.04907226
2.40465165,2.363431931,0.07568359
2.40813637,2.364068991,0.05212402
2.2693367,2.30399323,0.0970459
2.2731762,2.304653171,0.07006836
2.14038086,2.24571419,0.07556152
2.14382744,2.24626923,0.05029297
2.00655365,2.18671036,0.09106445
2.00898362,2.18706894,0.07250976
1.87471199,2.12806893,0.09326172
1.87724305,2.12841034,0.07299805
1.74333191,2.06960106,0.09448242
1.74575043,2.06989098,0.07421875
1.61243821,2.01121712,0.09240723
1.61321831,2.01129723,0.08544922
1.48238373,1.95299721,0.08483887
1.48311043,1.95305825,0.078125
1.35097504,1.89466477,0.08996582
1.35184479,1.89472199,0.0814209
1.22081376,1.83647919,0.08447265
1.22081376,1.83647919,0.08447265
1.08903122,1.778312691,0.09814453
1.0894928,1.77832032,0.09301758
0.95928193,1.72027398,0.0916748
0.95956421,1.72027207,0.0883789
0.82775498,1.662315371,0.10766601
0.82816124,1.66229821,0.10266113
0.69969368,1.60432625,0.08300781
0.69982911,1.604314811,0.08129883
0.56991387,1.54642487,0.08020019
0.57003594,1.54641152,0.07836914
0.43961144,1.48874283,0.08874512
0.43971634,1.48872376,0.0871582
0.30995369,1.43095971,0.08752441
0.31004906,1.43093872,0.08581543
0.17977906,1.373367311,0.09692383
0.17986489,1.373342521,0.09533691
2.95547867,2.637325291,0.0994873
2.96156311,2.638645181,0.06420898
2.82065773,2.57769776,0.10986328
2.82962609,2.57957077,0.05615234
2.68936158,2.51887131,0.10083008
2.69533921,2.52006913,0.0637207
2.55866242,2.460241321,0.09008789
2.5649376,2.46144295,0.04968262
2.42811394,2.401643761,0.07836914
2.43112755,2.40219117,0.05822754
2.29381562,2.34242249,0.09313965
2.29817009,2.343168261,0.06286621
2.16193963,2.2837143,0.09362793
2.16592026,2.28434945,0.06481933
2.02961541,2.22498131,0.09851074
2.03229142,2.22537613,0.07836914
1.89809418,2.16647911,0.10021973
1.90088463,2.16685295,0.07824707
1.76767159,2.1081295,0.09338379
1.77033997,2.10844803,0.07141113
1.63560486,2.049648291,0.10168457
1.63737679,2.04983139,0.08642578
1.50445366,1.99135018,0.10449219
1.5053711,1.99142838,0.09606933
1.37438965,1.93320847,0.09875488
1.37597466,1.93331337,0.08361816
1.24355317,1.87504197,0.10131836
1.24439049,1.875080111,0.09277344
1.11307717,1.81693268,0.10107422
1.11338234,1.81694031,0.09777832
0.98146439,1.75886536,0.11474609
0.98280716,1.75885582,0.09936523
0.85129548,1.700944901,0.11584473
0.85171128,1.70092774,0.11083984
0.72335244,1.64284897,0.08752441
0.72398949,1.642803201,0.07922363
0.59208489,1.58500862,0.10314941
0.59256936,1.58495522,0.0961914
0.46296883,1.52702332,0.09069824
0.4632988,1.52696991,0.08557129
0.33298874,1.46921158,0.0925293
0.33309365,1.46918869,0.09069824
0.20280076,1.41140747,0.09680176
0.20307541,1.41132927,0.0916748
0.07304574,1.35360146,0.09606933
0.07337761,1.35347557,0.0892334
2.84892083,2.615207681,0.05566406
2.85570527,2.6166153,0.01538086
2.71341324,2.55549622,0.0703125
2.71941758,2.55669022,0.03344726
2.58440018,2.49709511,0.04553223
2.58966828,2.49809647,0.01196289
2.45041275,2.43782425,0.05432129
2.45524598,2.43869591,0.02233887
2.31677056,2.37867546,0.06225586
2.3214264,2.37946511,0.03015137
2.18297577,2.31958771,0.07348633
2.18627167,2.32011032,0.04980469
2.04936791,2.26066971,0.08679199
2.05322838,2.26123429,0.0579834
1.92035294,2.20242119,0.0657959
1.92338372,2.20282364,0.04211426
1.78503228,2.1434269,0.0961914
1.78793145,2.14377022,0.07250976
1.65400887,2.08508301,0.09509277
1.65637589,2.08532715,0.0748291
1.52407074,2.026895531,0.08581543
1.52614403,2.02707291,0.06726074
1.39344788,1.96866989,0.08325195
1.39522744,1.96878815,0.06640625
1.26237298,1.91045761,0.08605957
1.26338768,1.91050339,0.07580566
1.13153077,1.85231781,0.08801269
1.13264275,1.8523407,0.07617187
1.00085259,1.79427147,0.0904541
1.00130272,1.79426766,0.08532715
0.87120247,1.73629189,0.08312988
0.8719101,1.73626519,0.07458496
0.74112702,1.67827607,0.07971191
0.74178696,1.67823029,0.07116699
0.61104203,1.62038994,0.07958984
0.61117173,1.62037468,0.07775879
0.48111344,1.56256485,0.07922363
0.48134041,1.56252861,0.07580566
0.35138894,1.50474739,0.07678223
0.35149765,1.5047226,0.07495117
0.22094155,1.44715691,0.08801269
0.22122193,1.4470768,0.08300781
0.09099198,1.38949395,0.09191894
0.09132576,1.38937188,0.08520508
2.85869408,2.64660073,0.04284668
2.86324311,2.64753533,0.01599121
2.72187043,2.586587911,0.06481933
2.72846795,2.58788681,0.02441406
2.5894394,2.52752686,0.06188965
2.59555626,2.52867699,0.02307129
2.45817757,2.46874619,0.05310058
2.46380806,2.46974945,0.01611328
2.32491112,2.40966988,0.05895996
2.32909966,2.41037178,0.03039551
2.19168663,2.35069847,0.06689453
2.1964264,2.351436621,0.03332519
2.0594883,2.291976931,0.06994629
2.06245423,2.29240418,0.04797363
1.93001366,2.23369789,0.05383301
1.93285943,2.23406983,0.03186035
1.79688263,2.17494202,0.06616211
1.79918099,2.17520905,0.04760742
1.6631279,2.11623574,0.08654785
1.66511345,2.11643601,0.06970215
1.53429032,2.05813599,0.06787109
1.53561211,2.05824471,0.05615234
1.40090752,1.99973107,0.09155273
1.40253067,1.99983597,0.07641601
1.26952744,1.94153405,0.09790039
1.27071763,1.94158554,0.08618164
1.14004517,1.88349724,0.08728027
1.1411686,1.88351822,0.07556152
1.00775147,1.82550431,0.10864258
1.00851632,1.82549858,0.10009765
0.87996293,1.767555241,0.08166504
0.88068009,1.76752854,0.07312012
0.74912262,1.70968819,0.09008789
0.74952317,1.70965767,0.08496094
0.61873436,1.65187836,0.0949707
0.61922646,1.65182305,0.08825683
0.4890194,1.594081881,0.09289551
0.48936081,1.59402848,0.08776855
0.35966111,1.53634072,0.08825683
0.35997582,1.53627396,0.08312988
0.22968865,1.478740701,0.09375
0.2298832,1.47868729,0.09020996
0.09994317,1.42109108,0.09558105
0.10019875,1.420997621,0.0904541
2.99378968,2.73730088,0.03979492
2.85058403,2.67587281,0.09680176
2.85685921,2.67715073,0.05993652
2.72134591,2.617357261,0.07324219
2.72714806,2.61848832,0.03796387
2.58734704,2.55797577,0.08032226
2.59135628,2.55872345,0.05505371
2.4533577,2.49868775,0.08959961
2.45668412,2.49927521,0.06774902
2.32353974,2.44017983,0.07250976
2.32800866,2.44092179,0.04211426
2.1869793,2.380632401,0.10327148
2.19102669,2.38125801,0.07470703
2.05681229,2.322175981,0.09130859
2.06003571,2.32263565,0.06750488
1.92551423,2.26362038,0.08911133
1.92860413,2.26401902,0.06542969
1.79246712,2.20489121,0.10168457
1.79457474,2.20513153,0.0847168
1.66290856,2.14662552,0.08776855
1.66531182,2.14686203,0.06750488
1.53056336,2.088115701,0.09814453
1.53305436,2.08831787,0.0760498
1.40073014,2.02991677,0.08874512
1.40199471,2.02999497,0.07702637
1.26876832,1.97165299,0.10083008
1.26981545,1.97169495,0.09057617
1.13834763,1.91349221,0.09875488
1.13949395,1.91351128,0.08691406
1.00721741,1.85533333,0.10449219
1.00798607,1.8553238,0.09594726
0.87763596,1.79726601,0.09558105
0.87849808,1.79723168,0.08544922
0.74657441,1.73933983,0.10620117
0.74683381,1.739320761,0.10290527
0.61662293,1.68138504,0.1040039
0.61712838,1.68132592,0.09716797
0.48847199,1.6231823,0.07641601
0.48870469,1.62314415,0.07299805
0.35718155,1.56554604,0.09655762
0.3577137,1.5654316,0.08801269
0.22802735,1.50758362,0.08569336
0.22861481,1.5074215,0.07531738
0.09846497,1.44964409,0.07958984
0.09872628,1.44954872,0.07458496
2.85204697,2.70147896,0.07495117
2.86007882,2.703090671,0.02783203
2.72094536,2.64260674,0.06323242
2.72703553,2.64377594,0.02636719
2.58465577,2.58282662,0.08532715
2.59053994,2.58390236,0.04833984
2.45342637,2.5240345,0.0769043
2.45783234,2.524797441,0.04821777
2.31896401,2.46478081,0.09204101
2.32371331,2.46555329,0.05993652
2.18873024,2.40631104,0.08081055
2.19207955,2.40681649,0.05725098
2.05600358,2.34747887,0.08752441
2.05946541,2.34795952,0.06213379
1.92356682,2.28880883,0.0949707
1.92642022,2.28916741,0.07312012
1.79267693,2.23037529,0.09155273
1.7958355,2.23072434,0.06628418
1.66065789,2.171930321,0.09997558
1.66287613,2.17214013,0.08129883
1.52985001,2.11366272,0.09960937
1.53159333,2.11379815,0.08435058
1.39693642,2.0553875,0.12158203
1.39877129,2.05549431,0.10461426
1.26892662,1.99740029,0.09814453
1.26978112,1.9974308,0.08984375
1.13709832,1.93939019,0.11486816
1.13776207,1.93939782,0.10803223
1.00852204,1.88140297,0.09753418
1.0088234,1.88139916,0.09423828
0.87838364,1.82351494,0.09912109
0.87881661,1.82349396,0.09399414
0.7479744,1.76568985,0.10522461
0.74810601,1.765680321,0.10351562
0.61936188,1.70776558,0.08972168
0.61961937,1.70773507,0.08618164
0.48918343,1.65005494,0.09594726
0.48941994,1.65001679,0.0925293
0.35953141,1.5923481,0.09667969
0.35985184,1.592277531,0.09155273
0.23029328,1.53456116,0.09106445
0.23058701,1.53447724,0.08605957
0.100626,1.47688675,0.09277344
0.10088921,1.47679139,0.08776855
2.72432328,2.66852379,0.03161621
2.58615876,2.60833359,0.06311035
2.45146561,2.54893685,0.07678223
2.45536423,2.54959679,0.05151367
2.31951142,2.4900589,0.07409668
2.32401467,2.49077607,0.04370117
2.18781472,2.43126679,0.07043457
2.19189644,2.431869511,0.04187012
2.05483819,2.37239075,0.078125
2.05851365,2.372886661,0.05126953
1.91908265,2.3132515,0.10864258
1.92196656,2.31360054,0.08666992
1.79008484,2.25503922,0.09020996
1.79284668,2.255332951,0.0682373
1.65860558,2.19657898,0.09191894
1.66061974,2.196762091,0.07507324
1.527174,2.13816643,0.09423828
1.52950287,2.13833619,0.07385254
1.39672089,2.07994271,0.09082031
1.39893723,2.08006096,0.0703125
1.26454735,2.02178765,0.10693359
1.26542092,2.02181626,0.09851074
1.13494873,1.96374321,0.09875488
1.13560105,1.96374703,0.09204101
1.00517846,1.90568161,0.09191894
1.00595665,1.905668261,0.08337402
0.87533188,1.84764862,0.08654785
0.87533188,1.84764862,0.08654785
0.7446003,1.78974343,0.09338379
0.74501038,1.78970909,0.0883789
0.61466599,1.73187447,0.09289551
0.61555863,1.73176384,0.08093262
0.48501969,1.67403603,0.08996582
0.48537064,1.6739769,0.08483887
0.3547802,1.616329201,0.09631348
0.3555317,1.61616135,0.08447265
0.22549439,1.5585537,0.09118652
0.22568512,1.55850029,0.08789062
0.09578705,1.50082589,0.09155273
0.09605408,1.50072861,0.08642578
1.42059327,2.11876297,0.0736084
1.42170907,2.11882401,0.06347656
1.28809166,2.060409551,0.08801269
1.28985405,2.06046868,0.07116699
1.15701485,2.00213242,0.08947754
1.15784073,2.00214005,0.08117676
1.0257721,1.9439621,0.09521484
1.02687073,1.94394303,0.08337402
0.89515114,1.88588143,0.09643555
0.89634133,1.88582611,0.08288574
0.76555253,1.82784272,0.08813476
0.76596833,1.82781029,0.08312988
0.63615227,1.76975823,0.07678223
0.63654137,1.76971245,0.07165527
0.50570298,1.71182442,0.07958984
0.50606347,1.71176529,0.07458496
0.37554741,1.65392113,0.08020019
0.37610245,1.65380097,0.07165527
0.24595261,1.59594727,0.07336426
0.2461586,1.59589005,0.06994629
0.11499787,1.53849221,0.09265137
0.11528016,1.53839302,0.08740234
0.2586689,1.63321305,0.08972168
0.25908661,1.633100511,0.08276367
0.12913895,1.57554818,0.08789062
0.12951088,1.57542229,0.08117676
0,1.51761437,0.07580566
0,1.51761437,0.07580566