X,Y,Z,T
1.50402069,1.45468139,0.21693802,0
1.35307598,1.46936035,0.22334671,0.03125
1.5190506,1.37963867,0.20651245,0.03125
1.21157837,1.47657775,0.22932053,0.03125
1.37174893,1.389328,0.23398209,0.03125
1.54136276,1.29806518,0.20082474,0.03125
1.06748676,1.48645019,0.26353455,0.03125
1.23781872,1.39515686,0.21919251,0.03125
1.40473747,1.30531311,0.18908692,0.03125
0.92271328,1.49993896,0.23256302,0.0625
1.08515263,1.41195678,0.22037888,0.0625
1.24585724,1.32435607,0.22832871,0.0625
1.40358544,1.23812866,0.24478531,0.0625
0.93837166,1.4316101,0.21082306,0.0625
1.10459423,1.34216308,0.18119431,0.0625
1.27092934,1.25234985,0.16216278,0.0625
1.420084,1.16958618,0.22486115,0.0625
0.79446793,1.45050048,0.20510483,0.09375
0.95354176,1.36366272,0.22066879,0.09375
1.11834717,1.27474975,0.19878388,0.09375
1.28940201,1.18304443,0.1553421,0.09375
1.43996143,1.09971618,0.2117157,0.09375
0.65120697,1.46691894,0.19190979,0.09375
0.80757809,1.3814392,0.21278763,0.09375
0.97491837,1.29136657,0.18313599,0.09375
1.13499451,1.20431518,0.18737793,0.09375
1.29745007,1.11604309,0.18925858,0.09375
0.49532223,1.49279785,0.18958283,0.09375
0.6549902,1.40594482,0.19864273,0.09375
0.81647873,1.31852722,0.19143677,0.09375
0.98273468,1.22891235,0.16905594,0.09375
1.14295673,1.14189147,0.17303467,0.09375
1.3055172,1.0536499,0.17510223,0.09375
1.46776199,0.96569824,0.17280197,0.09375
0.51160622,1.43106079,0.16025543,0.125
0.66623688,1.34616088,0.20067978,0.125
0.82992363,1.25787353,0.18328858,0.125
0.9925642,1.16973876,0.18157959,0.125
1.15257168,1.08280944,0.18862152,0.125
1.32134819,0.99206543,0.15937424,0.125
1.47271156,0.90858459,0.21362686,0.125
0.36960411,1.45483398,0.15366745,0.125
0.52639961,1.36930847,0.17157745,0.125
0.68701553,1.28204345,0.1772995,0.125
0.84662533,1.19534301,0.18204498,0.125
1.17721939,1.01699829,0.14446259,0.125
1.33973408,0.92874145,0.14818573,0.125
1.49800301,0.84240722,0.16701508,0.125
0.21263123,1.48619079,0.14258194,0.125
0.37132263,1.39971923,0.15736008,0.125
0.52798462,1.3142395,0.17614365,0.125
0.69257641,1.22535705,0.16024017,0.125
1.17543411,0.96318054,0.16904831,0.125
1.33681774,0.87541198,0.17786789,0.125
1.49757385,0.78805542,0.18392563,0.125
0.22001171,1.42944335,0.15677643,0.15625
0.38407993,1.34120178,0.13010788,0.15625
0.54213905,1.25497436,0.15148926,0.15625
0.87261582,1.07695007,0.1090126,0.15625
1.02977467,0.99121093,0.13127518,0.15625
1.18996525,0.90400695,0.14580917,0.15625
0.07136059,1.46321105,0.14900589,0.15625
0.22666836,1.37840271,0.17398071,0.15625
0.39048767,1.2900238,0.15795517,0.15625
0.5509882,1.20309448,0.1552887,0.15625
0.87409401,1.02806091,0.15252304,0.15625
1.19896031,0.85209655,0.14831925,0.15625
1.35557842,0.76634216,0.18228531,0.15625
1.52113152,0.67704772,0.16573715,0.15625
0.08055687,1.40646362,0.14601135,0.1875
0.23883438,1.3204956,0.15391541,0.1875
0.39965344,1.23327636,0.15698624,0.1875
0.56121731,1.14595031,0.147995,0.1875
1.20950794,0.79476928,0.14395523,0.1875
1.37076187,0.70707702,0.15633774,0.1875
1.52744675,0.62145996,0.18436432,0.1875
0.09635258,1.35343933,0.12078858,0.1875
0.25314808,1.26809692,0.1387825,0.1875
0.4119339,1.18171691,0.15442276,0.1875
0.57328701,1.09454345,0.14709091,0.1875
1.22022438,0.74421691,0.14986038,0.1875
1.3798542,0.65728759,0.16954804,0.1875
1.53687668,0.57162475,0.19567108,0.1875
0.10753918,1.30290222,0.13027954,0.1875
0.26404953,1.21769714,0.14915848,0.1875
0.428195,1.12924194,0.13281632,0.1875
0.59208965,1.04103088,0.11260223,0.1875
0.7506752,0.95463562,0.13327789,0.1875
1.07190895,0.78036499,0.14785385,0.1875
1.22719288,0.69546508,0.18050003,0.1875
1.3934269,0.60580444,0.16710663,0.1875
0.11056519,1.25593566,0.1364708,0.21875
0.2707386,1.16934204,0.13287735,0.21875
0.42857838,1.0833435,0.15519333,0.21875
0.59677315,0.99346923,0.11004257,0.21875
0.75972176,0.90536499,0.10702515,0.21875
0.81266022,0.86190795,0.68606567,0.21875
1.24543762,0.64239501,0.11075974,0.21875
1.40055275,0.55734252,0.15409088,0.21875
0.12104607,1.2093048,0.14762116,0.21875
0.28221417,1.12232971,0.13905716,0.21875
0.44511795,1.03436279,0.13206101,0.21875
0.60513687,0.94770813,0.13484573,0.21875
0.76581288,0.86053466,0.14434815,0.21875
0.82567406,0.81427001,0.68332291,0.21875
0.83712387,0.8096466,0.62237549,0.21875
1.09119511,0.68463134,0.13824082,0.21875
1.25259113,0.597229,0.14102173,0.21875
1.41011429,0.51118469,0.17282105,0.21875
0.14483833,1.15951538,0.13941956,0.21875
0.30020332,1.0747528,0.16559982,0.21875
0.46634197,0.98554992,0.13828278,0.21875
0.62630272,0.89892578,0.14067078,0.21875
0.79126454,0.81002807,0.12670899,0.21875
0.84406662,0.76652526,0.69954682,0.21875
0.85464382,0.7622528,0.64361191,0.21875
1.111063,0.63635253,0.15026856,0.21875
1.27385616,0.54838562,0.14546967,0.21875
1.43999767,0.45877075,0.13457871,0.21875
0.14817333,1.11151123,0.14199829,0.25
0.30745125,1.02522277,0.14530182,0.25
0.47178555,0.93669128,0.13025665,0.25
0.62843895,0.85133361,0.15208435,0.25
0.79577637,0.76148986,0.12516022,0.25
0.95973301,0.67312622,0.11095047,0.25
1.11671639,0.58732605,0.14326477,0.25
1.27246571,0.50221252,0.17513657,0.25
1.4397955,0.41207885,0.15882874,0.25
0.01376057,1.14671325,0.06793976,0.25
0.16577053,1.06327819,0.11723709,0.25
0.33659649,0.97235107,0.06416321,0.25
0.4922781,0.88743591,0.09405899,0.25
0.65616417,0.79904174,0.08704376,0.25
0.81805611,0.71162414,0.0846405,0.25
0.98176193,0.62319946,0.08342362,0.25
1.14010334,0.53710937,0.10319901,0.25
1.30390072,0.44856262,0.10494232,0.25
0.03055191,1.10391235,0.11664581,0.28125
0.19244385,1.01672363,0.10364533,0.28125
0.35068607,0.93061828,0.12452698,0.28125
0.51862145,0.84092712,0.08329773,0.28125
0.68115044,0.75303649,0.08370972,0.28125
0.83996201,0.66680908,0.09722901,0.28125
1.00636292,0.57728576,0.08092117,0.28125
1.16556263,0.49082946,0.09529495,0.28125
1.32851696,0.40258789,0.10059357,0.28125
0.04305935,1.05752563,0.11368942,0.28125
0.205122,0.96998596,0.10927582,0.28125
0.36083984,0.88505554,0.13469696,0.28125
0.5237236,0.79710388,0.12908554,0.28125
0.68444347,0.71012878,0.1301918,0.28125
0.84797192,0.62179565,0.1256485,0.28125
1.01296997,0.53302001,0.10780716,0.28125
1.17059422,0.44694519,0.13763428,0.28125
1.33402443,0.35870361,0.1318512,0.28125
1.49803543,0.26997375,0.13236618,0.28125
0.06044006,1.01031494,0.10579682,0.28125
0.22216702,0.92289733,0.1059227,0.28125
0.38299942,0.83604431,0.10357666,0.28125
0.54131127,0.74987793,0.12560272,0.28125
0.69972706,0.66386413,0.14000321,0.28125
0.76078224,0.61624145,0.67889404,0.28125
0.91164208,0.53356933,0.72051239,0.28125
1.19366741,0.39768981,0.11148834,0.28125
1.34559345,0.31414794,0.16424561,0.28125
1.51882935,0.22167968,0.12187958,0.28125
0.07901192,0.97135925,0.09626389,0.3125
0.23625565,0.88574218,0.12249375,0.3125
0.39462662,0.79992675,0.13384247,0.3125
0.55982208,0.71118164,0.11730576,0.3125
0.7232151,0.62332153,0.10465622,0.3125
0.88325501,0.53645324,0.12111664,0.3125
1.04246903,0.45013427,0.13447571,0.3125
1.20803166,0.36099243,0.12525177,0.3125
1.36349774,0.27610778,0.15982437,0.3125
0.09364033,0.92971801,0.06695175,0.3125
0.25044537,0.84442138,0.08682633,0.3125
0.40999031,0.75778198,0.10191345,0.3125
0.57762623,0.6682434,0.06463242,0.3125
0.73574448,0.5820465,0.0910492,0.3125
0.90155888,0.49305725,0.06912613,0.3125
1.05922794,0.40698242,0.10005951,0.3125
1.21940613,0.32011413,0.11087036,0.3125
1.38413143,0.23115539,0.10897064,0.3125
0.110569,0.88616943,0.06935501,0.3125
0.26584053,0.80142211,0.09917069,0.3125
0.43776894,0.71011352,0.04341889,0.3125
0.59441185,0.6247406,0.06923676,0.3125
0.75682545,0.53694152,0.07214737,0.3125
0.91726589,0.45010376,0.0789032,0.3125
1.0761652,0.3635559,0.10417175,0.3125
1.24629593,0.27275085,0.06656647,0.3125
1.41121292,0.18371582,0.06536484,0.3125
0.13157845,0.85110473,0.05640411,0.34375
0.28731156,0.76620483,0.08433914,0.34375
0.44943524,0.67863464,0.08535004,0.34375
0.61576557,0.58964538,0.05669403,0.34375
0.77179814,0.50428772,0.0946312,0.34375
0.93679142,0.41569519,0.07777023,0.34375
1.09867573,0.32798767,0.08764267,0.34375
1.26001263,0.24069213,0.09355164,0.34375
1.42849922,0.15026855,0.07447815,0.34375
0.13266945,0.81790161,0.07904434,0.34375
0.2923727,0.73123168,0.09339142,0.34375
0.45395374,0.64408874,0.08904266,0.34375
0.61673737,0.55621337,0.08831787,0.34375
0.77786541,0.46913147,0.09044266,0.34375
0.94086552,0.38105773,0.09223557,0.34375
1.09764671,0.295578,0.1197319,0.34375
1.26320553,0.20639038,0.11201859,0.34375
1.42673111,0.11817932,0.10903931,0.34375
0.14421368,0.77600097,0.06573868,0.375
0.302351,0.68988037,0.08875656,0.375
0.46014023,0.60412597,0.10544205,0.375
0.62154484,0.51672363,0.11220169,0.375
0.7916565,0.42619323,0.06640244,0.375
1.11057758,0.25279235,0.10297775,0.375
1.27469254,0.16410827,0.1036644,0.375
1.43659401,0.07647705,0.10934448,0.375
0.00050545,0.82743835,0.0917244,0.375
0.16281986,0.74012756,0.07854462,0.375
0.3218174,0.65367126,0.09642792,0.375
0.48063946,0.56750488,0.10770798,0.375
0.64183045,0.48016357,0.11583328,0.375
0.80294323,0.3930664,0.11689758,0.375
0.9667654,0.30464172,0.11413956,0.375
1.13458634,0.21481323,0.08608627,0.375
1.2939682,0.12797546,0.10931778,0.375
1.45706368,0.03985595,0.10916901,0.375
0.01559353,0.78448486,0.07303238,0.375
0.18049336,0.69596862,0.05503082,0.375
0.33929634,0.60983276,0.06661606,0.375
0.50329304,0.52149963,0.05836868,0.375
0.66716194,0.43338012,0.04580689,0.375
0.82886124,0.34576416,0.05467224,0.375
0.99567509,0.25639343,0.0308342,0.375
1.14999008,0.17152404,0.08018112,0.375
1.32532883,0.07870483,0.01937866,0.375
0.02611733,0.73936462,0.07882691,0.40625
0.19155884,0.6506195,0.05834961,0.40625
0.35035324,0.56446838,0.06994248,0.40625
0.51624584,0.47537231,0.05278015,0.40625
0.67940617,0.38745117,0.04497528,0.40625
0.83950424,0.30039978,0.06283569,0.40625
1.00499058,0.21150207,0.04667664,0.40625
1.17386055,0.12095642,0.02411652,0.40625
1.33992005,0.03161621,0.01241303,0.40625
0.05443382,0.69314575,0.06668854,0.40625
0.21800423,0.6050415,0.05842972,0.40625
0.37976456,0.51779174,0.05422592,0.40625
0.54497051,0.42893981,0.04159165,0.40625
0.70228291,0.34317016,0.06625366,0.40625
0.86991501,0.25328064,0.04499436,0.40625
1.0318985,0.16567993,0.04774094,0.40625
1.1993351,0.07566833,0.03367996,0.40625
0.07733154,0.64459228,0.04182053,0.40625
0.23429108,0.55877685,0.07240296,0.40625
0.40045357,0.46992492,0.04213333,0.40625
0.55644035,0.38441467,0.07940292,0.40625
0.72213936,0.29553222,0.05789948,0.40625
0.88603115,0.20701599,0.05591583,0.40625
1.05547428,0.11656189,0.0205574,0.40625
0.09060955,0.59906005,0.08595276,0.4375
0.25398827,0.51130676,0.06996918,0.4375
0.41122055,0.42541503,0.09991074,0.4375
0.57497597,0.33738708,0.08645249,0.4375
0.73358059,0.25091552,0.11089707,0.4375
0.9010849,0.16133117,0.08327103,0.4375
1.06896496,0.07125854,0.06403351,0.4375
0.12012005,0.55345153,0.05184555,0.4375
0.28083515,0.46633911,0.06118775,0.4375
0.44123554,0.37956237,0.06588745,0.4375
0.60751915,0.29031372,0.0484581,0.4375
0.76952648,0.20280456,0.04891968,0.4375
0.93060589,0.11531066,0.06389618,0.4375
1.09465218,0.02693176,0.05717468,0.4375
0.13417339,0.5142517,0.05700684,0.46875
0.29481125,0.42718505,0.0663414,0.46875
0.45639134,0.34001159,0.06319046,0.46875
0.62126923,0.25129699,0.05342102,0.46875
0.78356362,0.16371154,0.05118942,0.46875
0.95001221,0.07424926,0.03796387,0.46875
0.15328312,0.46688842,0.03837204,0.46875
0.31543827,0.37919616,0.04011154,0.46875
0.47766304,0.29173278,0.03453446,0.46875
0.63643265,0.2051239,0.0586586,0.46875
0.80315113,0.11585998,0.03401947,0.46875
0.96944523,0.02638244,0.02248764,0.46875
0.00466633,0.51651001,0.07028961,0.46875
0.16895867,0.42819213,0.05767441,0.46875
0.32439327,0.34317016,0.0887413,0.46875
0.49325752,0.25309753,0.05525208,0.46875
0.65600872,0.16539001,0.04935074,0.46875
0.8191309,0.07717895,0.05212402,0.46875
0.02059937,0.47644043,0.07009125,0.5
0.18179226,0.38911438,0.07594299,0.5
0.34343815,0.30192565,0.07089234,0.5
0.50553799,0.2141571,0.07573319,0.5
0.66948986,0.12597656,0.06307221,0.5
0.83534718,0.0367279,0.05192185,0.5
0.03443337,0.43112182,0.09633637,0.5
0.20362568,0.34109497,0.05593109,0.5
0.36237049,0.25483703,0.0688057,0.5
0.52904701,0.1654663,0.04836655,0.5
0.68706417,0.0793457,0.06904221,0.5
0.06742954,0.38960266,0.03123474,0.5
0.23006725,0.30172729,0.02998734,0.5
0.38772297,0.21575927,0.05092621,0.5
0.5503149,0.12779235,0.05290222,0.53125
0.70439339,0.04304504,0.09371948,0.53125
0.08349609,0.35964965,0.01864243,0.53125
0.24100495,0.27375793,0.03860092,0.53125
0.40637493,0.18489074,0.02400208,0.53125
0.56422329,0.09881591,0.04403305,0.53125
0.7362957,0.00738525,0,0.53125
0.10272026,0.3212738,0.02277756,0.53125
0.26594162,0.23353576,0.0098877,0.53125
0.42927742,0.1453247,0.00757218,0.53125
0.58820915,0.0588684,0.02251053,0.53125
0.11721134,0.28494262,0.05337906,0.5625
0.28350735,0.19583129,0.03245163,0.5625
0.44589043,0.10824584,0.02705765,0.5625
0.60790634,0.02038574,0.03445053,0.5625
0.15150643,0.25094604,0.03295899,0.5625
0.30787182,0.16508483,0.06779099,0.5625
0.47350502,0.07644653,0.04480744,0.5625
0.01343346,0.30158996,0.02601624,0.5625
0.16876602,0.21633911,0.05654144,0.5625
0.33776665,0.12628173,0.0211525,0.5625
0.49566555,0.04008483,0.04059982,0.5625
0.02877236,0.26509094,0.03945541,0.59375
0.18701744,0.17889404,0.05348587,0.59375
0.35117149,0.09042358,0.04476547,0.59375
0.51809311,0.00125122,0.01628876,0.59375
0.05634022,0.23410034,0.02885056,0.59375
0.21871758,0.14656066,0.02146912,0.59375
0.37705135,0.05989074,0.04672241,0.59375
0.07105637,0.20210266,0.03007889,0.625
0.22902775,0.11587524,0.04668045,0.625
0.39495087,0.02671814,0.03041077,0.625
0.07805348,0.17021179,0.05920792,0.625
0.24490452,0.0813446,0.02566528,0.625
0.10241127,0.1388092,0.03130722,0.625
0.25806141,0.05334472,0.06084824,0.625
0.12163639,0.10655212,0.04266739,0.65625
0.28568936,0.01843261,0.02736664,0.65625
0.14399052,0.06913757,0.00472641,0.65625
0.01132202,0.11798095,0.01855087,0.65625
0.17405987,0.03031921,0.00947952,0.65625
0.04184628,0.08135986,0.01899719,0.6875
0.06216622,0.04421997,0.03751373,0.6875
1.36590195,1.50341796,0.20492935,60.28125
1.52838516,1.42962646,0.21760559,60.28125
1.31121063,1.49200439,0.21074295,60.28125
1.4776001,1.41722106,0.20270538,60.28125
1.26331902,1.48342895,0.19811249,60.3125
1.42997265,1.40852355,0.19018173,60.3125
1.2158289,1.47399902,0.18148041,60.3125
1.38003159,1.39976501,0.185009,60.3125
1.54904366,1.32388305,0.17366409,60.3125
1.16182423,1.46566772,0.19084931,60.3125
1.32872009,1.39073181,0.1795311,60.3125
1.48993302,1.31707763,0.20388794,60.3125
1.10963059,1.46238708,0.17159271,60.34375
1.28309536,1.38543701,0.13430405,60.34375
1.44996262,1.31037902,0.12710953,60.34375
1.05109024,1.4580841,0.19727707,60.34375
1.21776676,1.38323974,0.18655014,60.34375
1.387043,1.30735778,0.17194367,60.34375
0.99343395,1.45172119,0.19091034,60.375
1.15682125,1.37777709,0.19600678,60.375
1.32647801,1.30184936,0.17795181,60.375
1.48724556,1.22853088,0.19898224,60.375
0.93671227,1.44567871,0.19024658,60.375
1.10670185,1.36997985,0.16140747,60.375
1.27294445,1.29498291,0.16038132,60.375
1.43461037,1.22140502,0.17701721,60.375
0.87773419,1.4400177,0.18896103,60.375
1.04315567,1.3655548,0.18240357,60.375
1.21002865,1.29039001,0.1769104,60.375
1.37264156,1.21652221,0.18899918,60.375
1.53836823,1.14154052,0.19319916,60.375
0.6564312,1.50559997,0.18246842,60.40625
0.82347584,1.43055725,0.17047119,60.40625
0.98382568,1.35740661,0.18946838,60.40625
1.15741444,1.28041076,0.1494484,60.40625
1.30814266,1.20979309,0.21900177,60.40625
1.48924446,1.13052368,0.14767075,60.40625
0.59627152,1.50151062,0.16615296,60.40625
0.75912571,1.42752075,0.17679215,60.40625
0.92158604,1.3538208,0.18396759,60.40625
1.08782292,1.27883911,0.17984009,60.40625
1.25096321,1.20480346,0.18788147,60.40625
1.42125225,1.12850952,0.1689949,60.40625
0.53600216,1.49504089,0.15966797,60.40625
0.696455,1.42166137,0.18354797,60.40625
0.86650849,1.34599304,0.15054321,60.40625
1.02513886,1.27301025,0.18640137,60.40625
1.19329357,1.19764709,0.16886902,60.40625
1.366889,1.12046814,0.13352585,60.40625
1.52476692,1.04780578,0.17008591,60.40625
0.49345684,1.4777832,0.13047791,60.4375
0.64921188,1.40553283,0.18067551,60.4375
0.81699085,1.33042907,0.15920639,60.4375
0.98399258,1.25518798,0.151474,60.4375
1.15138722,1.17999267,0.13752747,60.4375
1.31080151,1.10670471,0.17085648,60.4375
1.47616387,1.03196716,0.17006683,60.4375
0.433218,1.46968078,0.17294693,60.4375
0.60032368,1.3946228,0.15933991,60.4375
0.76252651,1.32098388,0.16778183,60.4375
0.92917824,1.24586486,0.16138458,60.4375
1.09319401,1.17160034,0.16435623,60.4375
1.26454544,1.09501647,0.13951492,60.4375
1.42560959,1.02143859,0.16049576,60.4375
0.37948322,1.45623779,0.18650818,60.46875
0.5448103,1.38192749,0.17457581,60.46875
0.7066145,1.30821228,0.19047546,60.46875
0.87206459,1.23374939,0.18173218,60.46875
1.03437519,1.15977478,0.19831467,60.46875
1.19589901,1.08622741,0.21332932,60.46875
1.3655653,1.01013183,0.19672775,60.46875
1.5314045,0.93522644,0.19550324,60.46875
0.1721735,1.50970459,0.16273499,60.46875
0.33234692,1.43670654,0.17874527,60.46875
0.50185776,1.36108398,0.15002442,60.46875
0.66508865,1.28720092,0.15239716,60.46875
0.82707882,1.21333313,0.16977692,60.46875
0.99287129,1.13865661,0.16178131,60.46875
1.15740872,1.06401062,0.1689682,60.46875
1.32383919,0.98901367,0.16214752,60.46875
1.48313141,0.91574096,0.19696808,60.46875
0.12535381,1.49827575,0.1493187,60.46875
0.28464031,1.42547607,0.17040253,60.46875
0.45038033,1.3507843,0.16281891,60.46875
0.61288357,1.2770996,0.1678505,60.46875
0.77276039,1.20381164,0.19524765,60.46875
0.94485188,1.12745666,0.15345001,60.46875
1.1038723,1.05429077,0.18798065,60.46875
1.27270317,0.97860717,0.16902924,60.46875
1.43931389,0.90325927,0.16889954,60.46875
0.06602764,1.48686218,0.17906189,60.5
0.23110771,1.41275024,0.16454315,60.5
0.39794731,1.3378601,0.14987946,60.5
0.55762482,1.26492309,0.17071533,60.5
0.72171116,1.19059753,0.17501068,60.5
0.88818264,1.11575317,0.16357803,60.5
1.05456162,1.04064941,0.16053009,60.5
1.21906662,0.96620178,0.16287232,60.5
1.38073349,0.89230346,0.1858902,60.5
1.54533196,0.8177185,0.19052124,60.5
0.01532936,1.46916198,0.15916062,60.5
0.17794323,1.3956604,0.15961838,60.5
0.34134674,1.32165527,0.1640091,60.5
0.50753117,1.24710083,0.14863205,60.5
0.66467571,1.17459106,0.19081879,60.5
0.83564663,1.09861755,0.15437317,60.5
0.99781132,1.02470397,0.17204666,60.5
1.16990376,0.94822692,0.13565064,60.5
1.32656098,0.87574768,0.1833458,60.5
1.48557663,0.80282592,0.21329498,60.5
0.12812996,1.3827362,0.1628685,60.5
0.29229164,1.30851745,0.16304398,60.5
0.45443058,1.23500061,0.16905975,60.5
0.62099552,1.16006469,0.15899658,60.5
0.78628731,1.08561706,0.15124512,60.5
1.11740303,0.93606567,0.14742279,60.5
1.28113747,0.86160278,0.16011429,60.5
1.44062233,0.78849792,0.18854523,60.5
0.06564713,1.37580871,0.1620369,60.53125
0.23131943,1.30123901,0.15241623,60.53125
0.39179039,1.22814941,0.16739273,60.53125
0.55364704,1.1544342,0.1824646,60.53125
1.05831051,0.92820739,0.12667084,60.53125
1.21971798,0.85433959,0.15139389,60.53125
1.38350964,0.77999877,0.15914154,60.53125
1.54441071,0.70623779,0.18772125,60.53125
0.00078201,1.36315918,0.1392746,60.53125
0.16629601,1.28895568,0.12348175,60.53125
0.32500363,1.21612548,0.15621185,60.53125
0.50213623,1.13877868,0.08039093,60.53125
0.83476067,0.98905944,0.06544495,60.53125
0.99255467,0.9163208,0.10770416,60.53125
1.15627861,0.84213256,0.11432648,60.53125
1.32369614,0.76660156,0.11165238,60.53125
1.48811913,0.69209289,0.11886215,60.53125
0.10426331,1.28231811,0.13280487,60.5625
0.26276493,1.20974731,0.15984345,60.5625
0.42694187,1.13548278,0.16202927,60.5625
0.59586811,1.06013488,0.13384628,60.5625
1.09244442,0.83578491,0.13240051,60.5625
1.25036907,0.76318359,0.16805649,60.5625
1.42007446,0.6869812,0.15421677,60.5625
0.04688072,1.27612304,0.13660812,60.5625
0.20670128,1.20323181,0.15490723,60.5625
0.37107372,1.1289215,0.15515518,60.5625
0.53372669,1.05520629,0.16068649,60.5625
1.20283699,0.75419616,0.11952973,60.5625
1.36195755,0.68096923,0.1563797,60.5625
1.53241921,0.60466003,0.1353302,60.5625
0.14025116,1.1941986,0.16873169,60.5625
0.30015755,1.12135314,0.18592453,60.5625
0.46178532,1.04779052,0.20190811,60.5625
0.62507916,0.97398376,0.20293427,60.5625
1.29100418,0.67407226,0.17679978,60.5625
1.45534897,0.59944152,0.18824005,60.5625
0.08600426,1.18827819,0.14371872,60.59375
0.25016117,1.114151,0.14540863,60.59375
0.41081333,1.04113769,0.16088486,60.59375
0.57873154,0.96594238,0.14496994,60.59375
0.74710083,0.89073181,0.12347794,60.59375
0.805933,0.8451538,0.66871262,60.59375
1.08004761,0.74084472,0.11468125,60.59375
1.24439716,0.66627502,0.12704468,60.59375
1.40442085,0.59312439,0.15451813,60.59375
0.02533436,1.18296814,0.13320923,60.59375
0.18523598,1.10983276,0.15906143,60.59375
0.35065651,1.03552246,0.14691925,60.59375
0.52025128,0.95979309,0.12185288,60.59375
0.68865872,0.8844757,0.1004982,60.59375
0.74190426,0.84014892,0.6786499,60.59375
0.75183296,0.83744812,0.62768936,60.59375
1.18124962,0.66116333,0.12486267,60.59375
1.33525372,0.58969116,0.18039703,60.59375
1.50870896,0.51240539,0.15106201,60.59375
0.12210751,1.10244751,0.16199494,60.59375
0.28409863,1.02886962,0.17524719,60.59375
0.44759274,0.95509338,0.17473602,60.59375
0.61484146,0.8800354,0.16259384,60.59375
0.77449703,0.80717468,0.18585205,60.59375
0.83276463,0.76197814,0.72676087,60.59375
0.84258652,0.75926208,0.67730713,60.59375
1.00374699,0.68637084,0.68196106,60.59375
1.43545056,0.50859069,0.19382095,60.59375
0.07755852,1.09222412,0.15797043,60.625
0.24096966,1.01831054,0.16318512,60.625
0.40102387,0.94544982,0.18206024,60.625
0.56987667,0.86997985,0.16176605,60.625
0.73236752,0.7963562,0.17070389,60.625
0.80368328,0.747406,0.64959335,60.625
0.94675827,0.67955017,0.74446106,60.625
1.23086357,0.57165527,0.16552734,60.625
1.3957777,0.49713134,0.16926193,60.625
0.03139782,1.08613586,0.16054916,60.625
0.19847298,1.01152038,0.13755798,60.625
0.35929966,0.93815612,0.15954971,60.625
0.52171421,0.86457824,0.16688156,60.625
0.69613457,0.78753662,0.11935043,60.625
0.74973393,0.74334716,0.68543244,60.625
0.76264286,0.73983764,0.61964798,60.625
1.02748871,0.638031,0.11740112,60.625
1.19032765,0.56408691,0.12994766,60.625
1.35716534,0.48872375,0.13158798,60.625
1.5205555,0.41452026,0.14469528,60.625
0.13694668,1.00500488,0.13594055,60.65625
0.29957676,0.93122863,0.14636231,60.65625
0.46733475,0.85632324,0.1232872,60.65625
0.63064575,0.78222656,0.13442612,60.65625
0.7950306,0.70800781,0.13506317,60.65625
0.96863461,0.63095092,0.09818268,60.65625
1.12805367,0.55796814,0.12757492,60.65625
1.2886591,0.48442077,0.15738297,60.65625
1.45586395,0.40917968,0.15107346,60.65625
0.07985401,1.00056457,0.15882111,60.65625
0.24779797,0.92556762,0.13856888,60.65625
0.41219998,0.85159301,0.13468552,60.65625
0.58036423,0.77632141,0.11933518,60.65625
0.74602509,0.701828,0.11399078,60.65625
0.90782929,0.62811279,0.13566971,60.65625
1.06924248,0.55471801,0.15371704,60.65625
1.23955345,0.47854614,0.13648987,60.65625
1.40311813,0.40440368,0.1476326,60.65625
0.0348959,0.99583435,0.14265442,60.65625
0.19983101,0.9215393,0.14031983,60.65625
0.36555767,0.84721374,0.12835693,60.65625
0.53107357,0.77262878,0.12672043,60.65625
0.69868088,0.69764709,0.10975266,60.65625
0.86205864,0.62348938,0.12339783,60.65625
1.02837467,0.54869079,0.11744309,60.65625
1.18684197,0.47579956,0.1574173,60.65625
1.35683346,0.3998413,0.13768768,60.65625
1.52163315,0.3250885,0.14978409,60.65625
0.13922119,0.91940307,0.15061951,60.6875
0.30155373,0.84596252,0.15598297,60.6875
0.46774197,0.77122497,0.14912033,60.6875
0.6381855,0.69551086,0.11621475,60.6875
0.80511189,0.62039184,0.11070633,60.6875
0.96226883,0.54808044,0.14976883,60.6875
1.13335323,0.47169494,0.12737656,60.6875
1.29698372,0.39750671,0.13734055,60.6875
1.46717072,0.32118225,0.12424851,60.6875
0.08462525,0.91899108,0.14846802,60.6875
0.24338913,0.84620666,0.18121338,60.6875
0.41171932,0.77122497,0.15569306,60.6875
0.57252789,0.69787597,0.17874146,60.6875
0.73678208,0.62382507,0.17847443,60.6875
0.90368843,0.54875183,0.17309952,60.6875
1.06251717,0.47605896,0.20301437,60.6875
1.23501015,0.39930725,0.17464066,60.6875
1.39704323,0.3256073,0.19220352,60.6875
0.04021549,0.91839599,0.16053772,60.71875
0.20520401,0.84439086,0.15016937,60.71875
0.37044525,0.76997375,0.14760971,60.71875
0.53188133,0.6967163,0.16060639,60.71875
0.70368576,0.62043762,0.12788391,60.71875
0.86663437,0.54663085,0.13733292,60.71875
1.02967072,0.47251892,0.15368652,60.71875
1.2008276,0.39634704,0.12644577,60.71875
1.36232758,0.32254028,0.15333176,60.71875
1.53976822,0.24438476,0.10264588,60.71875
0.15419483,0.84254455,0.15205002,60.71875
0.31971932,0.76805114,0.14744187,60.71875
0.48563671,0.69361877,0.13632202,60.71875
0.65589047,0.61773681,0.11156082,60.71875
0.81950855,0.54370117,0.11766434,60.71875
0.97629833,0.47123718,0.16500473,60.71875
1.15010262,0.39433288,0.12443161,60.71875
1.31347466,0.32000732,0.14179611,60.71875
1.48937988,0.24227905,0.09799957,60.71875
0.11344719,0.83671569,0.10360718,60.71875
0.27218819,0.76405334,0.13111878,60.71875
0.44435501,0.68780517,0.09258652,60.71875
0.60923672,0.61349487,0.08998489,60.71875
0.77448845,0.53877258,0.09402466,60.71875
0.9367199,0.46502685,0.10857773,60.71875
1.1065855,0.38893127,0.09354401,60.71875
1.27181053,0.31425476,0.09692383,60.71875
0.05839062,0.84057617,0.13683701,60.75
0.22270298,0.76644897,0.13876343,60.75
0.38714886,0.6924591,0.1352005,60.75
0.55402947,0.61753845,0.12753677,60.75
0.7190609,0.54325866,0.12496948,60.75
0.89089012,0.46685791,0.09721375,60.75
1.05138111,0.39356994,0.12227249,60.75
1.21368694,0.31958007,0.14466858,60.75
1.38226223,0.24401855,0.13332749,60.75
0.01146412,0.83502197,0.13159943,60.75
0.17336655,0.76139831,0.14699173,60.75
0.33937359,0.68704223,0.13341141,60.75
0.49970055,0.61375427,0.15884018,60.75
0.67039013,0.5380249,0.1253891,60.75
0.83895016,0.46247863,0.11244202,60.75
0.99852467,0.38948059,0.13964462,60.75
1.17083359,0.31275939,0.11294937,60.75
1.33247376,0.23908996,0.13306809,60.75
1.5106678,0.16052246,0.08530808,60.75
0.11830998,0.75790405,0.15556717,60.75
0.28218556,0.68406677,0.15272522,60.75
0.45089626,0.60868835,0.13312149,60.75
0.61502743,0.53463745,0.13319016,60.75
0.78353882,0.45910644,0.11979294,60.75
0.94839001,0.38468933,0.1207428,60.75
1.11228752,0.31021118,0.13465881,60.75
1.28441715,0.23365783,0.10546875,60.75
0.06812668,0.75927734,0.14693833,60.78125
0.22636891,0.68653869,0.18299103,60.78125
0.39840603,0.61074829,0.13734055,60.78125
0.56343746,0.53625488,0.13960266,60.78125
0.72592068,0.46258544,0.15048981,60.78125
0.89402294,0.38719177,0.14068222,60.78125
1.05466271,0.31388855,0.16338348,60.78125
1.21811104,0.23957824,0.17950821,60.78125
1.3868103,0.16400146,0.16703415,60.78125
0.01465035,0.75820922,0.15693665,60.78125
0.18265915,0.68354797,0.12991333,60.78125
0.35309315,0.60791015,0.09999085,60.78125
0.51362133,0.53479003,0.11983109,60.78125
0.68258572,0.4593048,0.10303497,60.78125
0.84151363,0.38652038,0.13305283,60.78125
1.00732899,0.31169128,0.13592148,60.78125
1.17878151,0.23550415,0.1081276,60.78125
1.33888245,0.16204834,0.14206314,60.78125
1.51219559,0.0851593,0.11068726,60.78125
0.12790775,0.68002319,0.1194458,60.8125
0.2942915,0.60533142,0.11131287,60.8125
0.45609284,0.53190612,0.12377167,60.8125
0.62242413,0.45706176,0.12003327,60.8125
0.79249668,0.38145446,0.09319687,60.8125
0.95221043,0.30815124,0.12659836,60.8125
1.12104988,0.23266601,0.11049271,60.8125
1.29061699,0.15666198,0.0994606,60.8125
1.45407486,0.08242797,0.11388016,60.8125
0.06495857,0.68060302,0.15910339,60.8125
0.22607803,0.60751342,0.1719017,60.8125
0.39337731,0.53263855,0.15950012,60.8125
0.56134224,0.45774841,0.13957214,60.8125
0.72751999,0.38294982,0.13776779,60.8125
0.88971329,0.30934143,0.15162277,60.8125
1.05466271,0.23474121,0.15903092,60.8125
1.22228813,0.15957641,0.14999008,60.8125
1.38435364,0.0856018,0.17468643,60.8125
0.00357056,0.68249511,0.15068054,60.8125
0.17435551,0.60696411,0.11558151,60.8125
0.33343315,0.53428649,0.14149475,60.8125
0.50358486,0.45864868,0.11585999,60.8125
0.66513157,0.38526916,0.13154221,60.8125
0.83205509,0.31024169,0.12754059,60.8125
0.99169636,0.23727417,0.15441132,60.8125
1.16622067,0.16009521,0.1183548,60.8125
1.32910061,0.0861206,0.13365173,60.8125
1.50430679,0.0085144,0.10051727,60.8125
0.11333656,0.60040283,0.14814758,60.84375
0.28022575,0.52592468,0.13028717,60.84375
0.45147038,0.4500122,0.09924317,60.84375
0.6136303,0.37646484,0.11185837,60.84375
0.78257561,0.30091857,0.09789658,60.84375
0.94706059,0.22663879,0.10256195,60.84375
1.11179924,0.15199279,0.11387253,60.84375
1.2765646,0.0775299,0.11980057,60.84375
1.44159317,0.0027008,0.13224411,60.84375
0.05301857,0.60006713,0.15526199,60.84375
0.22305584,0.5246582,0.12488556,60.84375
0.38703823,0.45077514,0.12443161,60.84375
0.55017471,0.37677001,0.13692856,60.84375
0.71760464,0.3019104,0.12216187,60.84375
0.88300038,0.22721862,0.12623978,60.84375
1.04394531,0.15385437,0.14756012,60.84375
1.21214104,0.07829284,0.14166641,60.84375
1.37547112,0.00416564,0.15475083,60.84375
0.16079807,0.52307128,0.12022781,60.84375
0.33071613,0.4475708,0.0935936,60.84375
0.49155712,0.37434387,0.11199951,60.84375
0.65754509,0.2995758,0.11128235,60.84375
0.81800938,0.22636413,0.13370514,60.84375
0.99509049,0.1486206,0.08222199,60.84375
1.1522522,0.07614135,0.12381363,60.84375
1.32223892,0,0.1119957,60.84375
0.10680103,0.51400756,0.11420822,60.875
0.27204132,0.43957519,0.11323166,60.875
0.44155216,0.36431884,0.08452988,60.875
0.60654926,0.2897644,0.08913422,60.875
0.76903725,0.21601867,0.10160065,60.875
0.93808365,0.14030456,0.0897522,60.875
1.10500717,0.06529235,0.08431625,60.875
0.04931069,0.5085144,0.08131027,60.875
0.20496941,0.43630981,0.13304901,60.875
0.37281227,0.361557,0.11161423,60.875
0.5410347,0.2862854,0.09910965,60.875
0.70437145,0.2124176,0.10621262,60.875
0.86933994,0.13780212,0.11350632,60.875
1.0370121,0.0626831,0.10344696,60.875
0.139678,0.43382263,0.13577271,60.90625
0.30184841,0.36016845,0.15088654,60.90625
0.47057343,0.28515625,0.12590027,60.90625
0.63638401,0.21046447,0.12568665,60.90625
0.79865551,0.13682556,0.13908386,60.90625
0.96267605,0.06245422,0.15102005,60.90625
0.08038998,0.42572021,0.1302948,60.90625
0.24287701,0.35194397,0.14455032,60.90625
0.40455151,0.27859497,0.15724564,60.90625
0.57534599,0.20272827,0.13037872,60.90625
0.74965286,0.12606811,0.08358002,60.90625
0.90847492,0.05299377,0.12164307,60.90625
0.02899075,0.41740417,0.09298706,60.90625
0.19012165,0.34423828,0.1071167,60.90625
0.36011601,0.26866149,0.08177185,60.90625
0.526124,0.19418334,0.07424164,60.90625
0.6843214,0.12126159,0.11508179,60.90625
0.85526276,0.04539489,0.08667755,60.90625
0.11378002,0.34436035,0.1513176,60.9375
0.28219223,0.26951599,0.1260376,60.9375
0.44518757,0.19557189,0.13891602,60.9375
0.60989285,0.12141418,0.13759995,60.9375
0.78593159,0.04408264,0.08879089,60.9375
0.05607224,0.33749389,0.10722733,60.9375
0.22486782,0.26223754,0.08764267,60.9375
0.38312912,0.18966674,0.1198349,60.9375
0.55393791,0.11372375,0.09467697,60.9375
0.7195425,0.03916931,0.09350205,60.9375
0.16103935,0.25775146,0.0759697,60.9375
0.32008267,0.18501281,0.1036911,60.9375
0.49276447,0.10870361,0.06694412,60.9375
0.65581894,0.03488159,0.07680512,60.9375
0.08431339,0.25689697,0.10905075,60.96875
0.24813271,0.18275451,0.11689377,60.96875
0.41523171,0.10806274,0.10139084,60.96875
0.57696343,0.03433227,0.12238312,60.96875
0.02530575,0.24876403,0.08800888,60.96875
0.19318962,0.17396545,0.06731415,60.96875
0.36349392,0.09820556,0.04373169,60.96875
0.52070046,0.02577209,0.0839386,60.96875
0.12422657,0.17193603,0.09017182,61
0.29508114,0.09613037,0.06130982,61
0.4561863,0.02281189,0.07979965,61
0.06272507,0.1665039,0.09804154,61
0.22306919,0.09342956,0.11790848,61
0.38822174,0.01889038,0.12010193,61
0.16236305,0.08720397,0.10881424,61
0.33136559,0.01177978,0.09037018,61
0.10443306,0.08448791,0.0542717,61.03125
0.26625061,0.01101684,0.06851959,61.03125
0.03704167,0.08032226,0.09212113,61.03125
0.20761776,0.00482177,0.05771637,61.03125
0.13563728,0.94358825,0.31843948,109.84375
0.06556797,1.17970275,0.2906723,109.90625
0.16847515,1.17755126,0.33336258,109.90625
0.00350857,1.24235534,0.32801437,109.90625
0.04987145,1.29698181,0.32139969,109.9375
0.00214863,1.35597229,0.31644058,109.9375
1.50437164,1.46351623,0.21733856,156.5625
1.46516991,1.4593048,0.23888779,156.59375
1.44353676,1.45616149,0.16276169,156.59375
1.40215683,1.45059204,0.18741608,156.59375
1.19616699,1.50704956,0.19884873,156.625
1.36657715,1.44407653,0.18181229,156.625
1.37779141,1.44244384,0.11899567,156.625
1.53699684,1.38067626,0.17543411,156.625
1.17049694,1.5045166,0.17696762,156.625
1.33402538,1.44242858,0.20071793,156.625
1.50393105,1.37908935,0.19698334,156.625
1.14060021,1.50091552,0.17663956,156.65625
1.30409908,1.43884277,0.19885635,156.65625
1.4723587,1.3757019,0.20425797,156.65625
1.10030556,1.49624633,0.20729447,156.65625
1.26652718,1.43356323,0.22069168,156.65625
1.43255329,1.37117004,0.22900009,156.65625
1.06948757,1.49433898,0.17748261,156.65625
1.23513031,1.43206787,0.18753052,156.65625
1.40037918,1.36950683,0.20799255,156.65625
1.40818501,1.36845397,0.16496277,156.65625
1.0259409,1.49351501,0.18438339,156.6875
1.19241619,1.43113708,0.1896286,156.6875
1.36436749,1.36766052,0.17376709,156.6875
1.37601662,1.3661499,0.10919571,156.6875
1.52749062,1.30557251,0.20105362,156.6875
0.98785782,1.48745727,0.17650604,156.6875
1.15245533,1.42527771,0.19232941,156.6875
1.32187176,1.36216735,0.18874741,156.6875
1.48540688,1.30001831,0.21255112,156.6875
0.95388031,1.49075317,0.17040253,156.6875
1.12085629,1.42834472,0.17137909,156.6875
1.28819466,1.36544799,0.17971039,156.6875
1.45322895,1.3031311,0.19444656,156.6875
0.90519047,1.49621582,0.20838165,156.71875
1.07531548,1.43312072,0.19841766,156.71875
1.24087334,1.37080383,0.20847321,156.71875
1.40752697,1.30793762,0.22145081,156.71875
1.41571236,1.30696105,0.17681122,156.71875
0.87088204,1.49600219,0.1416359,156.71875
1.03340244,1.43395996,0.16979981,156.71875
1.19938946,1.37121582,0.18561554,156.71875
1.36820221,1.30844116,0.17938233,156.71875
1.53754807,1.24516296,0.17978668,156.71875
0.81888294,1.50415039,0.16813278,156.75
0.98439884,1.44184875,0.17721939,156.75
1.15208817,1.37893676,0.18255997,156.75
1.32114029,1.3161621,0.17411041,156.75
1.48564339,1.25338745,0.20107651,156.75
0.78037262,1.50871276,0.15343857,156.75
0.94529343,1.44647216,0.16614533,156.75
1.11420441,1.38340759,0.16522598,156.75
1.28195477,1.32072448,0.16529846,156.75
1.2906065,1.31983947,0.11723328,156.75
1.44341087,1.25831604,0.2079277,156.75
0.73228836,1.50944519,0.16272354,156.75
0.8989296,1.44708251,0.16543198,156.75
1.06350422,1.38444519,0.18906021,156.75
1.23153019,1.32185363,0.18572617,156.75
1.40386486,1.25833129,0.16868591,156.75
0.84438706,1.45610046,0.18019867,156.78125
1.00411701,1.39425659,0.22320938,156.78125
1.17818356,1.33076477,0.19309616,156.78125
1.34205246,1.26847839,0.21426392,156.78125
1.51366615,1.20498657,0.20210648,156.78125
1.52269745,1.20404052,0.15427017,156.78125
0.7943697,1.46351623,0.19168854,156.78125
0.96526432,1.40039062,0.17688751,156.78125
1.13058567,1.33798217,0.18862915,156.78125
1.29616737,1.27513122,0.2072525,156.78125
1.46896553,1.2118988,0.18070221,156.78125
0.74564839,1.46434021,0.16433716,156.78125
0.91485119,1.40132141,0.15914154,156.78125
1.08290196,1.33868408,0.15493775,156.78125
1.24777031,1.27584838,0.17755509,156.78125
1.41484165,1.21315002,0.1815033,156.78125
0.69489956,1.46783447,0.16936112,156.8125
0.86188984,1.40499877,0.17749405,156.8125
1.02985764,1.34248352,0.17284775,156.8125
1.19554615,1.27964782,0.19045639,156.8125
1.3607235,1.21713256,0.205513,156.8125
1.53593063,1.15327453,0.17516708,156.8125
0.64164353,1.4727478,0.19482803,156.8125
0.80886746,1.4104309,0.19177246,156.8125
0.97908306,1.34730529,0.18206406,156.8125
1.14085293,1.28509521,0.21360779,156.8125
1.31233025,1.22167968,0.1998291,156.8125
1.48130036,1.15873718,0.19470596,156.8125
0.58888531,1.46562194,0.19673157,156.84375
0.75625706,1.4032135,0.19237137,156.84375
0.92448902,1.34022522,0.19299698,156.84375
1.09102535,1.27763366,0.19787216,156.84375
1.26359463,1.21414184,0.17776871,156.84375
1.42502499,1.15184021,0.21274567,156.84375
0.53706646,1.46180725,0.16405869,156.84375
0.70587254,1.39888,0.15963364,156.84375
0.87553215,1.33622741,0.14393234,156.84375
1.0379982,1.27345275,0.1802063,156.84375
1.20759106,1.21058654,0.16915894,156.84375
1.37762261,1.1471405,0.16549683,156.84375
1.5437069,1.08432006,0.1776886,156.84375
0.48375893,1.45903015,0.18222427,156.84375
0.6556654,1.39602661,0.1579895,156.84375
0.82006645,1.33366394,0.17335892,156.84375
0.98920345,1.27052307,0.17035675,156.84375
1.16029072,1.2075653,0.15078354,156.84375
1.32534123,1.14445495,0.17519379,156.84375
1.49423599,1.08143615,0.17163468,156.84375
0.2668047,1.5061798,0.18343353,156.875
0.43666363,1.44331359,0.17033768,156.875
0.5997076,1.38111877,0.19134903,156.875
0.76838875,1.31817626,0.18774414,156.875
0.93774796,1.25553894,0.17358399,156.875
1.10158062,1.19262695,0.20241547,156.875
1.27680588,1.12928772,0.16124344,156.875
1.44193649,1.06620788,0.18449402,156.875
0.21285343,1.49450683,0.16841507,156.875
0.37761593,1.43185424,0.18624878,156.875
0.54628945,1.36953735,0.17144394,156.875
0.71280575,1.3066864,0.18132401,156.875
0.88019753,1.24414062,0.17932129,156.875
1.05183029,1.18081665,0.16251755,156.875
1.21537209,1.11837768,0.18504715,156.875
1.38606262,1.05488586,0.17763519,156.875
0.15632153,1.48373413,0.17196274,156.875
0.32444954,1.42149353,0.15909195,156.875
0.49021912,1.35870361,0.17252731,156.875
0.66126061,1.29612731,0.14625549,156.875
0.82382202,1.23336792,0.18070221,156.875
0.99526405,1.1705017,0.15687561,156.875
1.16230393,1.10736084,0.16802597,156.875
1.33377838,1.04420471,0.14903641,156.875
1.4996891,0.98095703,0.16970825,156.875
0.09734631,1.47204589,0.16820526,156.90625
0.26243973,1.40940856,0.18383789,156.90625
0.4287653,1.34715271,0.18401718,156.90625
0.59501076,1.28436279,0.19433212,156.90625
0.76380062,1.22186279,0.18240357,156.90625
0.93539047,1.15863037,0.16469956,156.90625
1.10095501,1.09603881,0.17604447,156.90625
1.26663685,1.03297424,0.19516754,156.90625
1.43381882,0.9701538,0.1999054,156.90625
0.03760815,1.45858764,0.15642166,156.90625
0.20363236,1.39645385,0.15597534,156.90625
0.37533283,1.33364868,0.12921906,156.90625
0.53979492,1.27127075,0.14378739,156.90625
0.70644951,1.2083435,0.15337753,156.90625
0.88062668,1.14535522,0.11314011,156.90625
1.04338932,1.08242797,0.14910126,156.90625
1.20707035,1.01991272,0.17134476,156.90625
1.2176857,1.01913452,0.11343002,156.90625
1.38259411,0.95594787,0.13936997,156.90625
1.54503441,0.89337158,0.17124939,156.90625
0.13938999,1.38558959,0.21733093,156.9375
0.31050491,1.32331848,0.18429184,156.9375
0.47590065,1.26055908,0.19842529,156.9375
0.65088654,1.19776916,0.14849472,156.9375
0.82296372,1.13441467,0.12844849,156.9375
0.98628235,1.07186889,0.15265656,156.9375
1.14906025,1.00885009,0.1890831,156.9375
1.31921387,0.94578552,0.17670822,156.9375
1.48443031,0.88259887,0.19984436,156.9375
0.09526348,1.3688507,0.17142105,156.9375
0.26068211,1.30659484,0.17623901,156.9375
0.42993832,1.24371337,0.16615677,156.9375
0.59857845,1.18121337,0.15367508,156.9375
0.76196766,1.11839294,0.1822319,156.9375
0.93848515,1.05523681,0.12845993,156.9375
1.09986973,0.99232482,0.17215347,156.9375
1.26438999,0.92962646,0.1911087,156.9375
1.43566513,0.86593627,0.18203354,156.9375
0.03594017,1.35282897,0.19208527,156.9375
0.20428276,1.29066467,0.1760025,156.9375
0.37152004,1.22787475,0.17882919,156.9375
0.54174137,1.16540527,0.15600205,156.9375
0.70382595,1.10261535,0.19348908,156.9375
1.04289436,0.97659301,0.17607117,156.9375
1.21317864,0.91355896,0.1627388,156.9375
1.38133907,0.85014343,0.17080307,156.9375
1.54487801,0.7874298,0.19703293,156.9375
0.15038586,1.27973938,0.16682816,156.96875
0.32042694,1.21739196,0.14174652,156.96875
0.48608685,1.15444946,0.15661621,156.96875
0.66363049,1.09146118,0.09276199,156.96875
0.82416248,1.02856445,0.14123917,156.96875
0.9896183,0.96588134,0.15312195,156.96875
1.16069412,0.90229797,0.14315796,156.96875
1.3272953,0.83937072,0.15155029,156.96875
1.49684906,0.7756958,0.1536293,156.96875
0.0982132,1.26341247,0.15746689,156.96875
0.26749325,1.20101928,0.13777542,156.96875
0.43426895,1.13804626,0.14497376,156.96875
0.60773468,1.07524108,0.10464478,156.96875
0.776721,1.01194763,0.10290909,156.96875
0.94375992,0.9490509,0.10705185,156.96875
1.10432816,0.88607788,0.15600586,156.96875
1.27180767,0.82307434,0.15912247,156.96875
1.44354153,0.7592163,0.14914703,156.96875
0.03989983,1.24383544,0.18431854,156.96875
0.21282196,1.18099975,0.14779663,156.96875
0.3743887,1.1186676,0.17835617,156.96875
0.54756928,1.05551147,0.14577866,156.96875
0.70968914,0.99301147,0.17561722,156.96875
1.05877972,0.86604309,0.10368347,156.96875
1.21710205,0.80323791,0.16490936,156.96875
1.38306999,0.74026489,0.17737579,156.96875
0.15731621,1.16516113,0.14382553,157
0.32669544,1.10215759,0.1345253,157
0.49303055,1.03962707,0.13747406,157
0.57529926,0.98016357,0.65048981,157
0.58558846,0.97972106,0.58916855,157
0.73660755,0.91862487,0.66909409,157
0.99692059,0.85038757,0.14258957,157
1.16663647,0.78729248,0.13263703,157
1.3331089,0.72387695,0.15042877,157
1.4988327,0.66090393,0.16545487,157
0.10517311,1.14430236,0.15384674,157
0.27530575,1.08126831,0.13806152,157
0.44015789,1.01870727,0.14949417,157
0.67778492,0.8976593,0.71916962,157
0.68520451,0.89727783,0.67605972,157
0.94856548,0.82893371,0.12791824,157
1.11527538,0.76593017,0.13471222,157
1.28298473,0.7023468,0.14533234,157
1.44993687,0.63919067,0.15319443,157
0.05388737,1.11585998,0.13278198,157.03125
0.22008324,1.05285644,0.14268875,157.03125
0.38803005,0.99024963,0.13373566,157.03125
0.55643559,0.92701721,0.13288117,157.03125
0.62117195,0.86946105,0.73273468,157.03125
0.62795258,0.86912536,0.69301605,157.03125
0.89800358,0.80050659,0.100914,157.03125
1.06185436,0.73768615,0.12430954,157.03125
1.22883701,0.67424011,0.13775253,157.03125
1.3920393,0.61145019,0.16479492,157.03125
0.16158009,1.03082275,0.15290451,157.03125
0.32732201,0.96832275,0.15654373,157.03125
0.49785519,0.90504455,0.14179611,157.03125
0.57756806,0.84660339,0.65727234,157.03125
0.58738995,0.84611511,0.59921265,157.03125
0.83618641,0.77871704,0.12638474,157.03125
1.00264645,0.71574401,0.13384247,157.03125
1.17166042,0.6520996,0.13595963,157.03125
1.34130859,0.58871459,0.12918091,157.03125
1.50925636,0.52496337,0.14068604,157.03125
0.10751724,1.01156616,0.15543747,157.03125
0.27550125,0.94847106,0.15417099,157.03125
0.44262791,0.88578796,0.15137863,157.03125
0.6086731,0.82260131,0.1651001,157.03125
0.68600083,0.76489257,0.68399429,157.03125
0.84795094,0.70274353,0.70668793,157.03125
0.85980892,0.70193481,0.6404686,157.03125
1.11199093,0.63311767,0.16947556,157.03125
1.27941227,0.5695343,0.18095017,157.03125
1.44949341,0.50604248,0.17261505,157.03125
0.05235958,0.98609924,0.12667465,157.0625
0.21560288,0.92317199,0.15565109,157.0625
0.37982655,0.86068725,0.16958618,157.0625
0.55067539,0.79739379,0.15283203,157.0625
0.62915135,0.73965454,0.66846085,157.0625
0.78541947,0.67796325,0.72245407,157.0625
0.7927742,0.67747497,0.68100357,157.0625
1.05075932,0.60842895,0.1716423,157.0625
1.22426987,0.54437255,0.15073776,157.0625
1.38808155,0.48149108,0.17480087,157.0625
0.15665817,0.90161132,0.16130829,157.0625
0.32311916,0.83895874,0.16166687,157.0625
0.49023438,0.77577209,0.16726685,157.0625
0.65996456,0.71279907,0.15093994,157.0625
0.73136711,0.65571594,0.70367813,157.0625
0.99338818,0.58645629,0.16738129,157.0625
1.16132355,0.52285766,0.1750412,157.0625
1.33429909,0.45909118,0.15083695,157.0625
1.5039177,0.3951416,0.15330505,157.0625
0.10064221,0.8844757,0.13088989,157.0625
0.26834297,0.82131958,0.13160706,157.0625
0.43351841,0.75859069,0.1417656,157.0625
0.60441685,0.69508361,0.1268692,157.0625
0.77459812,0.63189697,0.11091614,157.0625
0.94285107,0.56826782,0.11637497,157.0625
1.10938454,0.50511169,0.125,157.0625
1.28097057,0.44104003,0.1155014,157.0625
1.4497776,0.37745666,0.11628723,157.0625
0.04523182,0.86436462,0.11518479,157.09375
0.20965004,0.80134582,0.1377182,157.09375
0.380373,0.73849487,0.11388016,157.09375
0.54962444,0.67512512,0.109375,157.09375
0.71579361,0.61225891,0.11709976,157.09375
0.88293934,0.54884338,0.12817383,157.09375
1.05133915,0.48565673,0.12620163,157.09375
1.2174654,0.42218017,0.14544678,157.09375
1.39055157,0.35838317,0.122509,157.09375
0.15490723,0.77757263,0.15434647,157.09375
0.32448101,0.71438598,0.14330292,157.09375
0.49161148,0.65161132,0.14171219,157.09375
0.65968895,0.58827209,0.14405441,157.09375
0.826231,0.5253601,0.14915085,157.09375
0.99398422,0.46186828,0.15673828,157.09375
1.15996647,0.39886474,0.16732407,157.09375
1.33202553,0.33480834,0.15540314,157.09375
1.50605393,0.27078247,0.12919617,157.09375
0.09244156,0.7587738,0.16447067,157.125
0.26062775,0.69561767,0.16217041,157.125
0.42943001,0.63278198,0.14962387,157.125
0.59905338,0.56930542,0.1432724,157.125
0.76682663,0.5062561,0.14190674,157.125
0.93767071,0.44247436,0.13269806,157.125
1.10074329,0.37963867,0.16014099,157.125
1.27180195,0.31561279,0.15384674,157.125
1.44397736,0.25177001,0.13660431,157.125
0.03077507,0.73582458,0.16083527,157.125
0.20121861,0.67260742,0.14312363,157.125
0.36776829,0.60984802,0.14403916,157.125
0.53161621,0.54672241,0.17077637,157.125
0.70321465,0.48348999,0.14528656,157.125
0.86705685,0.4202423,0.17427063,157.125
1.03632546,0.35690307,0.16704941,157.125
1.20567894,0.29310607,0.16776276,157.125
1.37963486,0.22911071,0.14003372,157.125
0.14576912,0.64302063,0.14248276,157.125
0.31222916,0.58035278,0.14345169,157.125
0.47964001,0.51708984,0.14880753,157.125
0.64878559,0.45402526,0.13817215,157.125
0.81963921,0.39033508,0.1272049,157.125
0.97869492,0.32788085,0.17653275,157.125
1.1473341,0.26423645,0.18052673,157.125
1.32332802,0.20011901,0.14119339,157.125
1.49075127,0.13636779,0.15576553,157.125
0.09220696,0.62074279,0.12377548,157.15625
0.25980282,0.55754089,0.12633896,157.15625
0.42596626,0.49479675,0.13077164,157.15625
0.59787846,0.43113708,0.11138153,157.15625
0.76420784,0.36817932,0.11853409,157.15625
0.93534756,0.30430603,0.10871887,157.15625
1.10315418,0.24099731,0.11198425,157.15625
1.26948738,0.1773529,0.13189316,157.15625
1.44435215,0.11314392,0.10229874,157.15625
0.03361607,0.59442138,0.10969544,157.15625
0.20586872,0.53086853,0.08358383,157.15625
0.36554146,0.46829223,0.12860108,157.15625
0.53651047,0.40455627,0.11500549,157.15625
0.7038126,0.3414154,0.11642838,157.15625
0.87580395,0.277359,0.10161972,157.15625
1.04178047,0.2141571,0.11357117,157.15625
1.21323013,0.14988708,0.10671997,157.15625
1.38185215,0.08619689,0.10907364,157.15625
0.14396954,0.49656677,0.13125992,157.15625
0.31441021,0.43313598,0.11630631,157.15625
0.47874546,0.37030029,0.13389969,157.15625
0.64581967,0.30680847,0.14419174,157.15625
0.81306553,0.24368286,0.14642334,157.15625
0.98176766,0.17994689,0.14966965,157.15625
1.15520668,0.11599731,0.12313461,157.15625
1.32086754,0.05239868,0.14561081,157.15625
0.09232807,0.46713256,0.11347199,157.1875
0.25658608,0.40451049,0.12916565,157.1875
0.43082237,0.34078979,0.0936203,157.1875
0.59621334,0.27792358,0.10565567,157.1875
0.76330376,0.2144165,0.11782074,157.1875
0.93339348,0.15100097,0.10629273,157.1875
1.10172367,0.08724975,0.11424255,157.1875
1.27894688,0.02279663,0.07108307,157.1875
0.04097843,0.43687439,0.10637665,157.1875
0.20282269,0.37426757,0.13770676,157.1875
0.3727274,0.31071472,0.12826157,157.1875
0.54004383,0.24768066,0.12778854,157.1875
0.70977593,0.18392944,0.12330628,157.1875
0.88000107,0.12039184,0.11112595,157.1875
1.0511303,0.05625915,0.10413361,157.1875
0.15347004,0.34260559,0.0946579,157.21875
0.31976986,0.27934265,0.10731888,157.21875
0.48723412,0.21632385,0.10617066,157.21875
0.65487671,0.15281677,0.11370468,157.21875
0.826581,0.08923339,0.09241104,157.21875
0.99100971,0.02586364,0.12096787,157.21875
0.09897804,0.31234741,0.10312653,157.21875
0.26739216,0.24885559,0.103302,157.21875
0.43329525,0.18592834,0.1110878,157.21875
0.60468483,0.12205505,0.09653854,157.21875
0.77060509,0.0589447,0.10732651,157.21875
0.03646755,0.28193664,0.11933518,157.21875
0.20300198,0.21908569,0.12091065,157.21875
0.37074471,0.15563964,0.12539673,157.21875
0.53819656,0.09257507,0.12479782,157.21875
0.70307636,0.02926635,0.14823151,157.21875
0.14727593,0.18174743,0.10103226,157.25
0.31380367,0.11880493,0.10506821,157.25
0.48569584,0.05491638,0.08719254,157.25
0.1014204,0.1498413,0.08495712,157.25
0.26700783,0.08659362,0.10201264,157.25
0.4370594,0.02330017,0.0857544,157.25
0.04470062,0.12037658,0.0799675,157.25
0.21568108,0.05702209,0.0560379,157.25
0.15584183,0.01800537,0.05968094,157.28125
0.04993725,0.00860595,0.21676254,218.3125
0.04653263,0.01013183,0.24346161,218.3125
0.0229826,0.04910278,0.21445084,218.3125
0.01963234,0.0506134,0.24100494,218.3125
0.15222836,0.02494812,0.26192474,218.3125
0.15201855,0.02505493,0.26353073,218.3125
0.27658463,0.00384521,0.30335999,218.34375
0.28171826,0.00151062,0.26512528,218.34375
0.12400818,0.06794738,0.2325325,218.34375
0.12014961,0.06970214,0.26248932,218.34375
0.25916767,0.04011535,0.19826508,218.34375
0.25475884,0.04211425,0.23146439,218.34375
0.0903883,0.11151123,0.23794174,218.34375
0.09101486,0.11122131,0.23302078,218.34375
0.3786211,0.02085876,0.25751877,218.34375
0.21934891,0.08798217,0.23526001,218.34375
0.22436714,0.0856781,0.19701004,218.34375
0.05475617,0.15748596,0.24423599,218.34375
0.06042671,0.1548767,0.19912338,218.34375
0.50464916,0.00125122,0.27551651,218.375
0.50579834,0.00073242,0.26734543,218.375
0.34409714,0.06895446,0.26335144,218.375
0.1803999,0.13804626,0.26521301,218.375
0.18514633,0.13586425,0.22858048,218.375
0.02355862,0.20402526,0.22680283,218.375
0.01983738,0.20574951,0.25678253,218.375
0.46979618,0.04640197,0.25442505,218.375
0.30380631,0.11650085,0.26958847,218.375
0.14507675,0.18333435,0.24498367,218.375
0.6026783,0.02069091,0.24757767,218.40625
0.43783665,0.09033203,0.26503372,218.40625
0.44331074,0.08781433,0.22518921,218.40625
0.27323628,0.15982055,0.27325058,218.40625
0.11404133,0.22686767,0.25276184,218.40625
0.57207584,0.06713867,0.24620056,218.40625
0.40944767,0.1357727,0.24821854,218.40625
0.41532898,0.13304138,0.20495606,218.40625
0.24350166,0.20588684,0.26602936,218.40625
0.24936104,0.20317077,0.22109604,218.40625
0.08673763,0.2718048,0.2262001,218.40625
0.09235764,0.26919555,0.18123245,218.40625
0.69687557,0.04948425,0.30846024,218.40625
0.70266438,0.04682922,0.26866913,218.40625
0.54309559,0.11398315,0.24723816,218.40625
0.53913689,0.1158142,0.27550888,218.40625
0.37692452,0.18414306,0.2648468,218.40625
0.37491322,0.18507385,0.27980042,218.40625
0.21674156,0.25161743,0.25172806,218.40625
0.21417809,0.25280761,0.27159119,218.40625
0.05333805,0.32052612,0.25366974,218.40625
0.05066204,0.32177734,0.27532959,218.40625
0.84060955,0.02023315,0.27990723,218.4375
0.83886337,0.02104187,0.29156494,218.4375
0.67579746,0.08976745,0.28434372,218.4375
0.51603794,0.15704345,0.26643753,218.4375
0.52296448,0.15383911,0.21652603,218.4375
0.35318184,0.22569274,0.26132202,218.4375
0.18817711,0.29542541,0.28566361,218.4375
0.19392204,0.29273986,0.24071503,218.4375
0.02642918,0.36358642,0.27597046,218.4375
0.0313139,0.3612976,0.23603439,218.4375
0.81819725,0.06422424,0.27048111,218.4375
0.66021252,0.13067626,0.23859024,218.4375
0.65616894,0.1325531,0.26684952,218.4375
0.49367428,0.20103454,0.25733948,218.4375
0.33137226,0.26951599,0.25904465,218.4375
0.17675972,0.33432006,0.19033051,218.4375
0.17232704,0.33639526,0.2253418,218.4375
0.01146221,0.40422058,0.21813965,218.4375
0.00822544,0.4057312,0.24485779,218.4375
0.96031571,0.03999328,0.26462174,218.4375
0.96359539,0.03848266,0.24316406,218.4375
0.7990427,0.10787963,0.24315643,218.4375
0.79682255,0.10890197,0.25822067,218.4375
0.63414955,0.17750549,0.25682449,218.4375
0.47303581,0.24533081,0.23703003,218.4375
0.47212982,0.24574279,0.24367523,218.4375
0.31277752,0.31282043,0.2220192,218.4375
0.30819798,0.31495666,0.2570076,218.4375
0.14911938,0.38185119,0.22324753,218.4375
0.14787483,0.38243103,0.23317337,218.4375
0.93730641,0.08363342,0.23969269,218.46875
0.93854237,0.08306884,0.23153687,218.46875
0.76540661,0.1564331,0.29049683,218.46875
0.6085825,0.22230529,0.24923325,218.46875
0.44441319,0.29154968,0.25205994,218.46875
0.44373608,0.29187011,0.25708008,218.46875
0.28532601,0.35848999,0.22838974,218.46875
0.28144646,0.36030578,0.25833893,218.46875
0.12103844,0.42781066,0.23536301,218.46875
0.1166935,0.42985534,0.27038574,218.46875
1.06960869,0.06344604,0.30644226,218.46875
0.91239548,0.1295166,0.26856613,218.46875
0.74855995,0.19859314,0.2662468,218.46875
0.74856472,0.19859314,0.26622009,218.46875
0.58524799,0.26751709,0.2727356,218.46875
0.41902447,0.33773803,0.29237747,218.46875
0.4241457,0.3353424,0.25414276,218.46875
0.26137829,0.40403747,0.26142883,218.46875
0.26243019,0.40353393,0.25324249,218.46875
0.10044003,0.47180175,0.24308777,218.46875
0.10064411,0.47169494,0.24143219,218.46875
1.2107811,0.04029846,0.33278656,218.5
1.0544281,0.10592651,0.28098297,218.5
0.88710499,0.17668151,0.31013107,218.5
0.89255905,0.17414855,0.27362061,218.5
0.73082638,0.24226379,0.25802994,218.5
0.7286787,0.24327087,0.27296066,218.5
0.56848431,0.31074523,0.25777817,218.5
0.5664177,0.31170654,0.27271652,218.5
0.40393162,0.38018798,0.26470566,218.5
0.40261459,0.38081359,0.27461624,218.5
0.23819924,0.45028686,0.29531479,218.5
0.24351025,0.44778442,0.25363159,218.5
0.08164883,0.51597595,0.24200058,218.5
0.08042145,0.51655578,0.25207901,218.5
1.03865051,0.14468383,0.25312805,218.5
0.87527371,0.21353149,0.24539185,218.5
0.87330341,0.21444702,0.25868225,218.5
0.71133804,0.28269958,0.25344467,218.5
0.70920754,0.2836914,0.2683754,218.5
0.54523468,0.35284423,0.27001953,218.5
0.38446808,0.42056274,0.26036072,218.5
0.38402271,0.42077636,0.26374817,218.5
0.22584534,0.48721313,0.22357941,218.5
0.22185516,0.48910522,0.25517655,218.5
0.06254006,0.55615234,0.23643494,218.5
0.05972386,0.55749511,0.25973892,218.5
1.17881775,0.11996459,0.30634689,218.5
1.17381668,0.12226867,0.33792496,218.5
1.01562119,0.1887207,0.29833603,218.5
0.85503864,0.25634765,0.28397751,218.5
0.85305786,0.25726318,0.29741669,218.5
0.68713188,0.32733154,0.31166458,218.5
0.69326115,0.32446289,0.26844406,218.5
0.52893543,0.3938446,0.28323364,218.5
0.52394772,0.39619445,0.31982041,218.5
0.36697388,0.4620819,0.27276993,218.5
0.36327076,0.46382141,0.3010788,218.5
0.20681095,0.52952575,0.25982666,218.5
0.20512009,0.53033447,0.27331543,218.5
0.03978825,0.6001892,0.29359818,218.5
0.04518318,0.59761047,0.24860001,218.5
1.16850376,0.15933227,0.27900696,218.53125
1.16460037,0.16114807,0.30379486,218.53125
0.99882889,0.23110961,0.31343079,218.53125
0.83894348,0.29840087,0.29463196,218.53125
0.67190933,0.36897277,0.31750107,218.53125
0.67893887,0.36569213,0.26760864,218.53125
0.51839447,0.43328857,0.25469589,218.53125
0.51478386,0.43499755,0.28135681,218.53125
0.35062218,0.50424194,0.28723908,218.53125
0.34715653,0.50588989,0.31392288,218.53125
0.18835354,0.57270813,0.29393768,218.53125
0.19332218,0.57035827,0.25401688,218.53125
0.02451325,0.6418457,0.30372238,218.53125
0.03165436,0.63844299,0.24370575,218.53125
1.30594349,0.13327026,0.30955124,218.53125
1.14856815,0.19935607,0.27202988,218.53125
0.98048401,0.27035522,0.2954216,218.53125
0.82198525,0.33699035,0.26737595,218.53125
0.81740856,0.33912658,0.29887772,218.53125
0.65867138,0.40579223,0.26347351,218.53125
0.65494824,0.40754699,0.29011536,218.53125
0.49583817,0.47447204,0.2679596,218.53125
0.49271488,0.47593689,0.29121399,218.53125
0.33308125,0.54304504,0.26288223,218.53125
0.32964325,0.54467773,0.28956986,218.53125
0.17156887,0.6111145,0.26190186,218.53125
0.1670475,0.61326599,0.2985611,218.53125
0.00607967,0.68103027,0.28356171,218.53125
0.01078892,0.67877197,0.24360275,218.53125
1.28681946,0.17604064,0.31012726,218.53125
1.12678528,0.24339294,0.28978348,218.53125
0.95789909,0.31480407,0.31975174,218.53125
0.79985619,0.38124084,0.28937149,218.53125
0.80585194,0.37843322,0.24780274,218.53125
0.63329029,0.45162963,0.30982971,218.53125
0.48032284,0.51567077,0.24325943,218.53125
0.47566319,0.51786804,0.27823258,218.53125
0.31366921,0.5861206,0.26788712,218.53125
0.30919743,0.58824157,0.30289078,218.53125
0.14946175,0.65550231,0.28860092,218.53125
0.1563797,0.65219116,0.23203278,218.53125
1.42677403,0.15524292,0.31758118,218.5625
1.26005554,0.22567749,0.3386879,218.5625
1.2605772,0.22543334,0.33541489,218.5625
1.09407044,0.29573059,0.34920883,218.5625
1.09996224,0.292984,0.31095886,218.5625
0.93756676,0.36141967,0.30754089,218.5625
0.93559265,0.36235046,0.3208313,218.5625
0.77257156,0.43104553,0.3153038,218.5625
0.61148548,0.49890136,0.30781937,218.5625
0.60826874,0.50041198,0.33121109,218.5625
0.45438671,0.56480407,0.26047516,218.5625
0.45000363,0.56689453,0.29367447,218.5625
0.28606033,0.63613891,0.31214142,218.5625
0.29131794,0.63363647,0.27059937,218.5625
0.12667751,0.70314025,0.28438568,218.5625
0.12344265,0.70468139,0.31110382,218.5625
1.24073315,0.26972961,0.31970596,218.5625
1.07864285,0.33802795,0.31429291,218.5625
0.91739655,0.40586853,0.29491806,218.5625
0.9161787,0.4064331,0.3031807,218.5625
0.75685501,0.4734497,0.28135681,218.5625
0.59159851,0.54318237,0.29278946,218.5625
0.59182358,0.54307556,0.2911377,218.5625
0.42990017,0.61132812,0.29156876,218.5625
0.42598057,0.61318969,0.32151032,218.5625
0.26672173,0.68013,0.29295731,218.5625
0.26400566,0.681427,0.31460953,218.5625
0.10655689,0.74758911,0.28369522,218.5625
0.11254501,0.74472045,0.23379517,218.5625
1.54505158,0.17770385,0.34244537,218.59375
1.22094536,0.31420898,0.31726837,218.59375
1.06508446,0.37960815,0.27037048,218.59375
1.06080151,0.38160705,0.29858399,218.59375
0.895051,0.45158386,0.31001282,218.59375
0.73631382,0.51835632,0.28411865,218.59375
0.73489952,0.51901245,0.29416275,218.59375
0.57491112,0.58630371,0.26802445,218.59375
0.57086372,0.58822631,0.29794693,218.59375
0.41071224,0.65567016,0.28583527,218.59375
0.40832615,0.65681457,0.30421066,218.59375
0.24466038,0.72587585,0.310112,218.59375
0.2496233,0.72349548,0.27019119,218.59375
0.08458233,0.79330444,0.30063248,218.59375
0.0895443,0.79092407,0.25889969,218.59375
1.52222061,0.22663879,0.34716416,218.59375
1.3641119,0.29309082,0.3145752,218.59375
1.19986057,0.36231994,0.31211853,218.59375
1.04102707,0.42910766,0.28510285,218.59375
1.03604031,0.43144226,0.31819916,218.59375
0.87701893,0.49826049,0.28476715,218.59375
0.87700176,0.49827575,0.28488922,218.59375
0.71092606,0.56848144,0.3110199,218.59375
0.55469704,0.63397216,0.25647354,218.59375
0.55157852,0.63545227,0.27972794,218.59375
0.38740921,0.70480346,0.29836655,218.59375
0.39382362,0.7017517,0.24853134,218.59375
0.22437763,0.77355957,0.2992897,218.59375
0.22909546,0.77130126,0.26099777,218.59375
0.06217766,0.84199523,0.30695725,218.59375
0.06726837,0.83955383,0.2637291,218.59375
1.50560379,0.2736206,0.32067871,218.59375
1.51109505,0.27108764,0.28762817,218.59375
1.34316445,0.34205627,0.31425476,218.59375
1.17988205,0.41082763,0.30535889,218.59375
1.1765194,0.41238403,0.32705307,218.59375
1.01578522,0.48005676,0.31418991,218.59375
1.02124405,0.47750854,0.27768326,218.59375
0.85620499,0.54713439,0.28390885,218.59375
0.85403443,0.54815673,0.29898453,218.59375
0.69314766,0.61592102,0.28920746,218.59375
0.52501011,0.68704223,0.3239708,218.59375
0.53055,0.68443298,0.28232193,218.59375
0.37101555,0.75157165,0.26420593,218.59375
0.36675835,0.75358581,0.29757691,218.59375
0.20303345,0.82267761,0.30466461,218.59375
0.20832539,0.82014465,0.26131439,218.59375
0.04012966,0.89146423,0.31939697,218.59375
0.04693985,0.88818359,0.26099777,218.59375
1.47793961,0.3270111,0.35683441,218.625
1.47877121,0.32662963,0.3517952,218.625
1.31787014,0.39433288,0.32841492,218.625
1.31443787,0.3959198,0.34994507,218.625
1.15622234,0.46244812,0.32050705,218.625
1.1526556,0.46411132,0.34368515,218.625
0.99082184,0.53224182,0.32843781,218.625
0.98738003,0.53385925,0.35164261,218.625
0.82627869,0.60173034,0.34329987,218.625
0.83363724,0.59829711,0.29179764,218.625
0.66479206,0.66973876,0.32942963,218.625
0.66615963,0.6690979,0.31947708,218.625
0.50605774,0.73652648,0.30640411,218.625
0.50146294,0.73869323,0.34123612,218.625
0.34004212,0.8066864,0.32926178,218.625
0.34551811,0.8040924,0.28593445,218.625
0.17746925,0.87533569,0.34097672,218.625
0.18231773,0.87301635,0.30088806,218.625
0.01966,0.94161987,0.30197525,218.625
0.01580048,0.94346618,0.33540726,218.625
1.4560585,0.37887573,0.34991837,218.625
1.29660893,0.44596862,0.32717514,218.625
1.13508988,0.51394653,0.30903244,218.625
1.13710308,0.51301574,0.29585266,218.625
0.9740696,0.58175659,0.2977829,218.625
0.97065258,0.58335876,0.3209877,218.625
0.80985355,0.65101623,0.29990769,218.625
0.80584908,0.6528778,0.32817078,218.625
0.64771176,0.71937561,0.30111313,218.625
0.48512554,0.78790283,0.29589462,218.625
0.48078442,0.78994751,0.32910156,218.625
0.31929112,0.85804748,0.33020783,218.625
0.15893173,0.9255371,0.3119278,218.625
0.16351986,0.9233551,0.27361298,218.625
0,0.99243164,0.29475021,218.625
1.43604088,0.42999267,0.32471848,218.625
1.27519798,0.49769592,0.30986405,218.625
1.27466965,0.49794006,0.31324005,218.625
1.10785389,0.56837463,0.32916641,218.625
0.94496346,0.63705444,0.33058167,218.625
0.95100975,0.63424682,0.2891655,218.625
0.78190804,0.70576477,0.326931,218.625
0.62796688,0.77029418,0.26763916,218.625
0.62504864,0.77166748,0.28926087,218.625
0.45584393,0.84327697,0.33454895,218.625
0.46145249,0.84065246,0.29124451,218.625
0.29763794,0.90982055,0.30900955,218.625
0.30260944,0.9074707,0.26893616,218.625
0.13441563,0.97866821,0.31293488,218.625
0.13954067,0.9762268,0.26971054,218.625
1.40749264,0.48744201,0.35728836,218.65625
1.41068649,0.48597717,0.33748627,218.65625
1.25448418,0.55154418,0.29366303,218.65625
1.25137901,0.55297851,0.31358338,218.65625
1.08461762,0.6233673,0.33024216,218.65625
1.08537674,0.62301635,0.3251915,218.65625
0.92053032,0.69259643,0.34229279,218.65625
0.92582131,0.69013977,0.3057518,218.65625
0.76183987,0.75927734,0.30764389,218.65625
0.76136971,0.75949096,0.31102753,218.65625
0.59771347,0.82855224,0.32400513,218.65625
0.4384079,0.89552307,0.29586792,218.65625
0.43584061,0.89672851,0.31587982,218.65625
0.27366352,0.9651184,0.32341004,218.65625
0.2802124,0.96203613,0.27011109,218.65625
0.11154366,1.033432,0.32047653,218.65625
0.11721134,1.03076171,0.2721901,218.65625
1.38702965,0.54011535,0.31255341,218.65625
1.21864033,0.61125183,0.34606171,218.65625
1.22067642,0.61032104,0.33288193,218.65625
1.05596352,0.67974853,0.33755112,218.65625
0.9008522,0.74482727,0.28743744,218.65625
0.8960762,0.74702453,0.32072449,218.65625
0.73398018,0.81527709,0.31094742,218.65625
0.72938442,0.81739807,0.34426499,218.65625
0.5686264,0.88510131,0.33722305,218.65625
0.40899849,0.95220947,0.31157303,218.65625
0.40519428,0.95399475,0.34153366,218.65625
0.24573231,1.02108764,0.32674408,218.65625
0.08312702,1.08961486,0.32778931,218.65625
0.08854199,1.08706665,0.28112793,218.65625
1.52266502,0.52766418,0.30613327,218.6875
1.35105324,0.60020446,0.34920502,218.6875
1.19444943,0.66596984,0.30887222,218.6875
1.02959156,0.73545837,0.31410217,218.6875
0.86784458,0.80358886,0.30939865,218.6875
0.86313534,0.80575561,0.34254837,218.6875
0.70073891,0.8741455,0.33525086,218.6875
0.54809952,0.93807983,0.26589584,218.6875
0.54460335,0.93969726,0.29257584,218.6875
0.37488651,1.01150512,0.34554291,218.6875
0.21390057,1.07933044,0.34381485,218.6875
0.05376053,1.14669799,0.32538986,218.6875
0.05892372,1.14427185,0.28035736,218.6875
1.32779694,0.65190124,0.33247376,218.6875
1.32961369,0.65107727,0.32092667,218.6875
1.16663456,0.71975708,0.32194519,218.6875
1.16737843,0.71942138,0.31704331,218.6875
1.0039196,0.7882843,0.31396484,218.6875
0.84331513,0.85589599,0.30257416,218.6875
0.84073353,0.85708618,0.32091904,218.6875
0.67818546,0.92555236,0.31554031,218.6875
0.67594242,0.92658996,0.33211899,218.6875
0.51886273,0.99258422,0.29774094,218.6875
0.51432037,0.99468994,0.33273697,218.6875
0.35186672,1.06314086,0.330616,218.6875
0.35664463,1.06091308,0.29217529,218.6875
0.1910286,1.13090515,0.32869721,218.6875
0.19618321,1.12849426,0.2853241,218.6875
0.0284195,1.19944763,0.33132553,218.6875
0.0338974,1.19688415,0.28301239,218.6875
1.46847916,0.63598632,0.30865097,218.6875
1.30185986,0.70626831,0.32048798,218.6875
1.14051056,0.77421569,0.31079865,218.6875
0.97226429,0.84526062,0.34054184,218.6875
0.81352043,0.91203308,0.31669235,218.6875
0.8139782,0.91181945,0.3134079,218.6875
0.65295601,0.97958374,0.29475403,218.6875
0.64851093,0.98162841,0.32794571,218.6875
0.48620415,1.05006408,0.33432388,218.6875
0.49304485,1.04690551,0.2810669,218.6875
0.32435703,1.11822509,0.32787323,218.6875
0.32906628,1.11604309,0.28957367,218.6875
0.16084957,1.1872406,0.3488121,218.6875
0.16615582,1.18476867,0.30364609,218.6875
0.00043297,1.25476074,0.33449173,218.6875
0.00566387,1.25231933,0.28780365,218.6875
1.44010735,0.69073486,0.33121491,218.71875
1.2736702,0.76089477,0.34381485,218.71875
1.11106396,0.82939147,0.34328461,218.71875
1.11131001,0.8292694,0.34163284,218.71875
0.9473753,0.89833068,0.3433876,218.71875
0.78431893,0.96705627,0.35163498,218.71875
0.62467384,1.03416442,0.3260231,218.71875
0.62422562,1.03437805,0.32941055,218.71875
0.46501923,1.10134887,0.31171036,218.71875
0.46502304,1.10134887,0.31168366,218.71875
0.30226612,1.16990661,0.31156921,218.71875
0.29839897,1.17169189,0.34333801,218.71875
0.13767433,1.23937988,0.34239578,218.71875
0.14251232,1.23713684,0.30078888,218.71875
1.25759411,0.8086853,0.31216049,218.71875
1.25555515,0.80961608,0.32543564,218.71875
1.08447933,0.88200378,0.38235474,218.71875
0.9314127,0.94616699,0.30975342,218.71875
0.92668724,0.94831848,0.34289932,218.71875
0.76998139,1.01419067,0.30513764,218.71875
0.76793194,1.01513671,0.32008362,218.71875
0.60585117,1.08340454,0.31035614,218.71875
0.60277176,1.08480834,0.33377075,218.71875
0.44101524,1.15301513,0.33690643,218.71875
0.44773388,1.1499176,0.28362656,218.71875
0.27729321,1.22207641,0.34651566,218.71875
0.28191471,1.21994018,0.30820465,218.71875
0.11469936,1.29067993,0.36124039,218.71875
0.12257576,1.28703308,0.29286194,218.71875
1.54966545,0.72979736,0.36949921,218.71875
1.39171505,0.79621887,0.33781815,218.71875
1.22648049,0.86590576,0.34338379,218.71875
1.22799111,0.86521911,0.33345413,218.71875
1.06482887,0.93402099,0.33782578,218.71875
0.89736748,1.00474548,0.36478424,218.71875
0.90324211,1.00207519,0.32318878,218.71875
0.741395,1.07029724,0.3227005,218.71875
0.74002934,1.07090759,0.33275986,218.71875
0.58250713,1.13711547,0.29023743,218.71875
0.5777359,1.13929748,0.32686615,218.71875
0.41475773,1.20806884,0.34020615,218.71875
0.42100144,1.20520019,0.29018402,218.71875
0.25255776,1.27642822,0.33834839,218.71875
0.090868,1.34463501,0.34680176,218.71875
0.0984726,1.34111022,0.28004837,218.71875
1.53082848,0.78196716,0.328228,218.75
1.52946854,0.78257751,0.33661652,218.75
1.36250305,0.8530426,0.3618927,218.75
1.19951916,0.92169189,0.35564041,218.75
1.04219818,0.98783874,0.31969452,218.75
0.87716103,1.05743408,0.32960129,218.75
0.87668705,1.0576477,0.33298493,218.75
0.71799469,1.12442016,0.30980301,218.75
0.71396923,1.12625122,0.33973312,218.75
0.55640888,1.1924591,0.29761124,218.75
0.55168343,1.19461059,0.33424378,218.75
0.38807202,1.26364135,0.35303497,218.75
0.39405251,1.26091003,0.30463791,218.75
0.22810269,1.33097839,0.3331604,218.75
0.23401547,1.32826232,0.28308869,218.75
0.06598568,1.39933776,0.34482575,218.75
0.07087517,1.39709472,0.30141449,218.75
1.50581741,0.83572387,0.33843613,218.75
1.50154686,0.83763122,0.36498261,218.75
1.34078407,0.90536499,0.35153198,218.75
1.34179783,0.90490722,0.34500504,218.75
1.17888546,0.97357177,0.33672714,218.75
1.01954556,1.04066467,0.3154068,218.75
1.0161953,1.04217529,0.33863068,218.75
0.85605431,1.10958862,0.31456375,218.75
0.85581112,1.10971069,0.31631851,218.75
0.69500542,1.17747497,0.3086319,218.75
0.69099426,1.17929077,0.3387146,218.75
0.53270626,1.24588012,0.30247116,218.75
0.53035736,1.24694824,0.32085419,218.75
0.3647356,1.3169403,0.35546112,218.75
0.37389469,1.31275939,0.28061295,218.75
0.20365715,1.3848114,0.34548569,218.75
0.20911121,1.38230896,0.29882431,218.75
0.04371166,1.45222473,0.33925629,218.75
0.04891586,1.4498291,0.29256058,218.75
1.47719574,0.89393615,0.3350296,218.78125
1.30811215,0.96540832,0.3757782,218.78125
1.3150034,0.96232605,0.33101654,218.78125
1.15379143,1.03024292,0.31238556,218.78125
1.1493597,1.03222656,0.34224701,218.78125
0.98970699,1.09950256,0.32433701,218.78125
0.99089623,1.0989685,0.31602097,218.78125
0.8275137,1.16786193,0.31564713,218.78125
0.82295418,1.16992187,0.34882736,218.78125
0.65810204,1.23954772,0.37376404,218.78125
0.66359997,1.23706054,0.33209992,218.78125
0.50103474,1.30561828,0.32920075,218.78125
0.49681282,1.30752563,0.36258316,218.78125
0.33696938,1.37490844,0.35354996,218.78125
0.3424139,1.37243652,0.30855179,218.78125
0.17491341,1.44325256,0.3493042,218.78125
0.18107796,1.44044494,0.2959404,218.78125
0.0223217,1.50732421,0.2757988,218.78125
1.44076157,0.95570373,0.34931946,218.78125
1.44207096,0.9551239,0.34102249,218.78125
1.27521515,1.02555847,0.36686707,218.78125
1.27039719,1.02770996,0.39848328,218.78125
1.11645317,1.0923767,0.33228302,218.78125
1.11547852,1.09280395,0.33891678,218.78125
0.95580006,1.16006469,0.32131958,218.78125
0.95109272,1.16217041,0.35462189,218.78125
0.79023457,1.22991943,0.33724976,218.78125
0.78911018,1.23042297,0.34552765,218.78125
0.62236691,1.30085754,0.38516998,218.78125
0.46999455,1.36480712,0.30350113,218.78125
0.4658432,1.3666687,0.3367424,218.78125
0.30853748,1.43287658,0.30406952,218.78125
0.30454636,1.43467712,0.33749008,218.78125
0.14249611,1.50299072,0.33448792,218.78125
0.13944817,1.50437927,0.36123657,218.78125
1.4046917,1.01657104,0.35181046,218.78125
1.40624237,1.01588439,0.34188843,218.78125
1.24506855,1.08380126,0.33200455,218.78125
1.24181652,1.08523559,0.35357666,218.78125
1.08204842,1.15251159,0.32584,218.78125
1.07721424,1.15466308,0.35912323,218.78125
0.92088509,1.22042846,0.31904602,218.78125
0.91716099,1.22209167,0.3456955,218.78125
0.75974274,1.28831481,0.30252457,218.78125
0.75550461,1.2902069,0.33409119,218.78125
0.59807873,1.35647583,0.30209351,218.78125
0.59701061,1.35694885,0.31038284,218.78125
0.434968,1.42524719,0.30443573,218.78125
0.43127155,1.4269104,0.33441925,218.78125
0.26941586,1.49517822,0.34099197,218.78125
0.27591419,1.49224853,0.28586197,218.78125
1.52794838,1.01292419,0.37120056,218.8125
1.5263691,1.01362609,0.38106918,218.8125
1.36393929,1.08210754,0.37862015,218.8125
1.35905361,1.08427429,0.41022492,218.8125
1.20570755,1.14872741,0.34101868,218.8125
1.20471954,1.14916992,0.34764862,218.8125
1.044837,1.21653747,0.33131027,218.8125
1.04101372,1.21821594,0.35794067,218.8125
0.88244438,1.28497314,0.3237381,218.8125
0.87761688,1.28712463,0.35869598,218.8125
0.71202374,1.35702514,0.38845825,218.8125
0.71733189,1.35467529,0.34842682,218.8125
0.55220604,1.42434692,0.36611176,218.8125
0.55179405,1.42453002,0.36935425,218.8125
0.38918591,1.49313354,0.38163757,218.8125
0.39444447,1.49078369,0.33842087,218.8125
1.49120712,1.0767517,0.36450195,218.8125
1.49591446,1.07469177,0.33479309,218.8125
1.32941532,1.14492797,0.34957123,218.8125
1.32788086,1.14559936,0.35960007,218.8125
1.16835308,1.21279907,0.34020996,218.8125
1.16785526,1.21301269,0.34358978,218.8125
1.00767326,1.28048706,0.31886673,218.8125
0.84167099,1.35054016,0.34484863,218.8125
0.84735012,1.34803772,0.30321503,218.8125
0.6817627,1.41789245,0.32120514,218.8125
0.67762947,1.41970825,0.3527832,218.8125
0.5224123,1.48501586,0.30500412,218.8125
0.51926708,1.48641967,0.33007431,218.8125
1.45746994,1.13775634,0.35208893,218.8125
1.45826149,1.13740539,0.34704208,218.8125
1.29561806,1.20593261,0.33731842,218.8125
1.29260159,1.20724487,0.35726166,218.8125
1.13039684,1.27560424,0.3566742,218.8125
0.97204304,1.34225463,0.32107926,218.8125
0.96924019,1.3434906,0.34106064,218.8125
0.81092453,1.41015625,0.31544495,218.8125
0.80980873,1.41064453,0.32372284,218.8125
0.64285851,1.48106384,0.35363388,218.8125
0.64780617,1.47889709,0.31536484,218.8125
1.41560459,1.20411682,0.36962891,218.84375
1.41044998,1.2063446,0.40285874,218.84375
1.25077152,1.2736206,0.38563538,218.84375
1.09394646,1.33964538,0.33884049,218.84375
1.08987522,1.3414154,0.36709976,218.84375
0.92893314,1.40924072,0.36038208,218.84375
0.92408943,1.41134643,0.39533615,218.84375
0.76206017,1.47964477,0.38928986,218.84375
0.76715088,1.47741699,0.35103989,218.84375
1.54763031,1.19754028,0.32450867,218.84375
1.54789162,1.19743347,0.3228569,218.84375
1.37866593,1.26878356,0.36357498,218.84375
1.3801899,1.26812744,0.35364151,218.84375
1.22274685,1.33439636,0.31030655,218.84375
1.21857166,1.33619689,0.33854675,218.84375
1.06134415,1.40238952,0.30386353,218.84375
1.05637074,1.40454101,0.33879852,218.84375
0.89391708,1.47297668,0.33293152,218.84375
0.89073467,1.47436523,0.35618591,218.84375
1.35251618,1.32463073,0.34770584,218.875
1.19192696,1.39224243,0.32580567,218.875
1.19119358,1.39256286,0.33081055,218.875
1.03110695,1.45997619,0.31609726,218.875
1.02757931,1.46148681,0.34111023,218.875
1.31775093,1.38542175,0.35921478,218.875
1.15508461,1.45390319,0.35213089,218.875
1.15652657,1.45329284,0.34218979,218.875
1.43782616,1.37979126,0.40376663,218.875
1.44654083,1.37608337,0.34732056,218.875
1.2817297,1.44546508,0.35294342,218.875
1.28197384,1.44535827,0.35129166,218.875
1.40201664,1.43457031,0.41725159,218.90625
1.40911007,1.43154907,0.3708458,218.90625
1.25131512,1.49795532,0.33001328,218.90625
1.24739456,1.49963378,0.35663223,218.90625
1.37161541,1.48547363,0.4003067,218.90625
1.50449181,1.46784973,0.36924744,218.90625